Frequency,Monetary,Recency,Cluster
3,904.44,75,Moderate
1,1757.55,18,Moderate
1,334.40000000000003,310,Recent
8,2506.04,36,Loyal
1,89.0,204,Recent
1,1079.4,232,Recent
1,459.4,214,Recent
3,2811.43,22,Loyal
2,1168.06,1,Moderate
3,2662.06,52,Loyal
1,189.9,287,Recent
2,552.0,109,Moderate
4,1313.1,7,Moderate
2,641.38,291,Recent
1,168.9,4,Moderate
2,1677.67,51,Moderate
2,1887.96,44,Moderate
3,1298.04,71,Moderate
1,364.6,311,Recent
1,742.9300000000001,25,Moderate
2,457.5,10,Moderate
1,626.6,315,Recent
2,852.24,81,Moderate
4,2724.81,21,Loyal
5,1845.31,4,Loyal
4,1249.84,184,Recent
2,585.27,28,Moderate
1,143.0,337,Recent
6,2780.6600000000003,15,Loyal
1,549.84,79,Moderate
1,439.66,21,Moderate
4,1582.6,72,Loyal
2,1272.48,63,Moderate
10,2338.71,19,Loyal
2,2409.9,35,Loyal
1,1635.66,45,Moderate
4,1108.65,119,Moderate
1,84.3,303,Recent
1,225.6,323,Recent
1,427.7,49,Moderate
1,1710.39,148,Moderate
2,3415.3,22,Loyal
5,1708.12,49,Loyal
5,2888.55,32,Loyal
2,693.33,308,Recent
3,1226.88,74,Moderate
3,758.1,66,Moderate
3,562.4100000000001,217,Recent
8,3357.76,3,Loyal
1,668.58,112,Moderate
1,600.39,63,Moderate
4,807.04,15,Moderate
3,803.5600000000001,95,Moderate
7,1621.38,0,Loyal
2,1760.96,162,Recent
1,777.2,78,Moderate
1,582.73,194,Recent
2,522.3,21,Moderate
3,2468.9,9,Loyal
1,256.4,43,Moderate
2,806.14,84,Moderate
1,509.01,99,Moderate
2,2906.85,14,Loyal
1,172.06,3,Moderate
1,133.4,22,Moderate
1,1002.31,57,Moderate
1,476.49,243,Recent
1,449.45,44,Moderate
2,197.88,156,Recent
2,430.5700000000001,16,Moderate
1,707.09,134,Moderate
1,3528.34,56,Loyal
6,2466.86,73,Loyal
3,3181.04,44,Loyal
7,2363.23,66,Loyal
2,947.4,71,Moderate
2,826.88,94,Moderate
2,1189.59,18,Moderate
4,1344.78,53,Moderate
8,1212.05,10,Loyal
2,742.19,17,Moderate
2,729.54,187,Recent
1,723.38,53,Moderate
1,680.99,3,Moderate
1,527.2,11,Moderate
4,3281.63,28,Loyal
8,2484.98,17,Loyal
3,1298.66,9,Moderate
1,334.93,336,Recent
1,460.4,38,Moderate
2,263.21000000000004,63,Moderate
2,433.74,165,Recent
5,1183.55,15,Moderate
1,1043.1,81,Moderate
3,403.7000000000001,21,Moderate
1,2169.39,336,Recent
2,482.05,18,Moderate
1,73.5,232,Recent
3,1304.81,134,Moderate
2,397.88,26,Moderate
1,176.5,284,Recent
2,982.57,142,Moderate
2,132.18,66,Moderate
1,612.29,112,Moderate
1,1017.68,267,Recent
2,1312.06,77,Moderate
5,2481.6,28,Loyal
5,2056.89,0,Loyal
1,330.84000000000003,63,Moderate
5,2634.26,79,Loyal
1,599.68,142,Recent
2,192.72,39,Moderate
11,1789.77,19,Loyal
3,1316.66,0,Moderate
3,348.71000000000004,81,Moderate
6,1933.48,9,Loyal
4,1662.28,59,Loyal
1,125.22,14,Moderate
1,349.83000000000004,30,Moderate
1,1089.18,130,Moderate
2,716.35,91,Moderate
1,363.95,29,Moderate
3,981.18,29,Moderate
1,372.7,36,Moderate
2,1000.39,75,Moderate
2,1161.5,46,Moderate
2,207.8,197,Recent
1,95.2,166,Recent
1,964.83,79,Moderate
2,437.82,38,Moderate
2,599.56,50,Moderate
1,269.96,7,Moderate
2,561.71,310,Recent
3,2134.01,5,Loyal
1,238.85,302,Recent
1,456.9,261,Recent
1,145.92000000000002,288,Recent
1,351.65,86,Moderate
2,519.61,39,Moderate
2,1020.42,8,Moderate
1,160.54000000000002,227,Recent
1,218.45,315,Recent
5,1315.83,35,Loyal
2,430.71,35,Moderate
2,2794.51,21,Loyal
1,440.42,78,Moderate
1,415.7,246,Recent
1,197.71,39,Moderate
2,511.36,238,Recent
9,2338.15,3,Loyal
1,777.25,234,Recent
1,196.94000000000003,17,Moderate
1,144.0,7,Moderate
1,214.9,39,Moderate
2,646.68,28,Moderate
1,452.85,317,Recent
2,437.6,92,Moderate
3,418.1,108,Moderate
10,3338.2200000000003,37,Loyal
2,618.27,51,Moderate
8,3023.08,9,Loyal
7,1032.58,29,Loyal
8,2324.24,28,Loyal
5,577.0600000000001,189,Recent
1,153.12,58,Moderate
1,739.1999999999999,21,Moderate
2,254.18,79,Moderate
1,1579.51,60,Moderate
3,1126.85,78,Moderate
5,2099.54,22,Loyal
1,1193.32,52,Moderate
1,704.04,74,Moderate
5,3344.38,57,Loyal
1,315.6,277,Recent
4,2291.19,2,Loyal
2,713.3,95,Moderate
1,352.98,29,Moderate
1,177.31,21,Moderate
3,1339.41,14,Moderate
1,180.1,232,Recent
1,305.1,276,Recent
2,641.13,106,Moderate
2,2683.82,211,Loyal
3,786.46,4,Moderate
2,1270.88,9,Moderate
1,640.5,57,Moderate
4,2163.98,58,Loyal
2,1689.18,89,Moderate
1,671.69,33,Moderate
1,486.1,238,Recent
3,1174.58,23,Moderate
1,185.9,115,Moderate
3,1013.26,25,Moderate
6,3344.64,128,Loyal
1,477.91,129,Moderate
4,1775.18,33,Loyal
2,1346.97,4,Moderate
8,2529.22,22,Loyal
1,318.05,154,Recent
3,623.51,107,Moderate
1,314.44,3,Moderate
1,114.0,334,Recent
1,919.98,331,Recent
2,2209.85,148,Loyal
5,601.98,10,Moderate
4,1643.18,11,Loyal
1,686.05,18,Moderate
1,91.68,29,Moderate
1,245.1,11,Moderate
1,63.0,324,Recent
1,620.13,58,Moderate
3,3337.28,11,Loyal
3,2744.03,150,Loyal
5,2996.05,10,Loyal
1,225.9,329,Recent
2,610.52,5,Moderate
4,1970.6,38,Loyal
6,1331.39,24,Loyal
4,1113.02,58,Moderate
4,880.81,0,Moderate
7,2283.63,7,Loyal
6,2863.08,28,Loyal
2,1247.61,25,Moderate
1,389.01,205,Recent
5,855.8,28,Moderate
4,855.91,127,Moderate
2,869.67,70,Moderate
4,582.1,7,Moderate
3,957.59,28,Moderate
2,797.71,79,Moderate
1,219.0,19,Moderate
1,283.55,71,Moderate
8,2340.84,7,Loyal
1,603.42,291,Recent
9,2516.4700000000003,29,Loyal
3,1149.02,96,Moderate
1,848.55,0,Moderate
1,343.36,106,Moderate
2,1053.49,3,Moderate
2,1030.98,151,Recent
1,238.25,71,Moderate
2,644.95,5,Moderate
5,2369.53,31,Loyal
4,997.63,85,Moderate
5,725.07,3,Moderate
4,1031.41,5,Moderate
6,2438.82,28,Loyal
4,836.33,71,Moderate
1,453.01,113,Moderate
1,236.26,179,Recent
1,383.95,234,Recent
2,779.5699999999999,315,Recent
1,234.0,332,Recent
2,1013.04,78,Moderate
1,427.6,63,Moderate
2,540.13,134,Moderate
9,3489.74,2,Loyal
1,275.88,128,Moderate
3,3010.74,235,Loyal
1,17.549999999999997,280,Recent
1,112.08,86,Moderate
2,2791.59,116,Loyal
3,1531.44,52,Moderate
2,1898.52,7,Moderate
1,174.0,138,Recent
1,1693.88,316,Recent
1,1143.6,238,Recent
1,1351.45,210,Recent
1,892.47,59,Moderate
5,1386.04,17,Loyal
6,822.23,19,Moderate
2,826.74,63,Moderate
4,1867.42,4,Loyal
6,2225.91,2,Loyal
2,532.82,9,Moderate
3,463.66,9,Moderate
1,91.85,65,Moderate
1,324.92,192,Recent
1,400.54,256,Recent
1,413.68,334,Recent
2,860.41,53,Moderate
1,430.48,18,Moderate
1,427.58,186,Recent
2,354.25,36,Moderate
1,489.31,177,Recent
3,514.85,260,Recent
1,229.64,44,Moderate
1,125.92,101,Moderate
2,1063.46,147,Moderate
2,572.2,95,Moderate
1,166.04000000000002,281,Recent
1,1542.08,261,Recent
4,942.34,3,Moderate
1,92.72,214,Recent
2,948.88,70,Moderate
5,1759.5,74,Loyal
1,397.12,59,Moderate
6,1319.72,2,Loyal
3,430.15,5,Moderate
6,1018.71,2,Loyal
1,207.25,336,Recent
1,215.05,262,Recent
2,383.03,32,Moderate
1,417.38,145,Recent
1,312.38,282,Recent
4,2610.36,59,Loyal
1,134.1,173,Recent
1,281.16,33,Moderate
4,2726.77,143,Loyal
23,3485.59,4,Loyal
2,1118.99,70,Moderate
8,1702.26,65,Loyal
2,325.96000000000004,29,Moderate
4,354.09000000000003,267,Recent
1,843.64,22,Moderate
2,1010.29,31,Moderate
1,131.81,96,Moderate
1,311.55,294,Recent
6,1957.1,134,Loyal
3,1316.25,78,Moderate
6,2170.78,7,Loyal
2,1106.4,210,Recent
1,521.2,52,Moderate
1,147.12,138,Recent
2,1568.23,26,Moderate
1,559.12,283,Recent
5,1403.76,185,Recent
2,380.64,84,Moderate
1,221.44,326,Recent
1,374.0,282,Recent
1,49.470000000000006,143,Recent
2,2218.02,57,Loyal
11,1385.71,3,Loyal
2,854.99,236,Recent
3,573.22,44,Moderate
1,298.0,275,Recent
2,1463.04,9,Moderate
4,703.47,24,Moderate
1,309.05,88,Moderate
3,1175.22,63,Moderate
2,1378.4,67,Moderate
2,354.12,214,Recent
1,376.72,24,Moderate
3,331.0,185,Recent
1,176.55,30,Moderate
2,372.8,42,Moderate
2,216.5,204,Recent
1,138.68,264,Recent
2,496.06,18,Moderate
5,2919.81,11,Loyal
2,750.0,176,Recent
5,2178.67,39,Loyal
8,3075.04,23,Loyal
5,1662.3,2,Loyal
4,2066.01,4,Loyal
1,164.0,148,Recent
4,2944.95,138,Loyal
1,594.0,128,Moderate
6,1335.19,8,Loyal
1,162.78,17,Moderate
1,405.38,161,Recent
1,172.82,64,Moderate
4,933.7,88,Moderate
2,694.05,4,Moderate
4,1670.36,35,Loyal
1,117.85,311,Recent
2,415.8,78,Moderate
3,607.53,24,Moderate
7,2160.7,2,Loyal
4,1063.9,17,Moderate
4,1504.27,15,Moderate
1,114.14,25,Moderate
2,899.69,54,Moderate
2,416.85,131,Moderate
1,317.56,35,Moderate
1,462.95,288,Recent
5,1299.95,143,Moderate
7,2064.95,16,Loyal
3,1843.0,2,Loyal
6,1064.07,8,Loyal
4,1387.79,5,Moderate
1,329.85,9,Moderate
1,108.07,306,Recent
2,266.39,7,Moderate
7,1490.83,8,Loyal
1,769.8100000000001,89,Moderate
1,160.18,9,Moderate
1,135.95,112,Moderate
4,405.47,7,Moderate
1,144.8,197,Recent
1,738.6,211,Recent
1,39.24,156,Recent
2,372.22,29,Moderate
1,390.54,242,Recent
1,97.5,18,Moderate
2,1239.38,0,Moderate
2,558.7,73,Moderate
1,505.82,292,Recent
3,409.5,31,Moderate
2,503.76,23,Moderate
4,414.76,23,Moderate
3,974.42,4,Moderate
1,211.32,85,Moderate
4,1226.89,22,Moderate
3,455.88,196,Recent
2,333.1,106,Moderate
1,120.95,318,Recent
3,149.05,105,Moderate
2,513.7,173,Recent
1,81.57,56,Moderate
1,229.47,323,Recent
8,1646.84,9,Loyal
11,3282.6,1,Loyal
10,3466.28,10,Loyal
5,3339.64,53,Loyal
3,789.89,73,Moderate
1,204.0,7,Moderate
8,2459.03,4,Loyal
2,689.9,64,Moderate
5,975.36,1,Moderate
2,661.3199999999999,22,Moderate
2,865.0,30,Moderate
1,350.08,11,Moderate
2,1010.18,52,Moderate
1,476.91,54,Moderate
2,921.88,73,Moderate
3,881.07,138,Moderate
3,908.46,80,Moderate
2,676.99,8,Moderate
1,516.42,273,Recent
1,560.47,291,Recent
1,305.28000000000003,99,Moderate
2,629.31,30,Moderate
7,2870.91,31,Loyal
4,1819.41,14,Loyal
2,656.6800000000001,64,Moderate
1,348.15000000000003,212,Recent
3,1214.41,78,Moderate
3,271.40000000000003,24,Moderate
1,183.4,249,Recent
1,307.53000000000003,253,Recent
1,248.61,72,Moderate
1,346.98,191,Recent
4,1105.59,12,Moderate
2,470.8,24,Moderate
1,115.46,82,Moderate
2,344.0,10,Moderate
1,228.8,192,Recent
1,177.15,266,Recent
1,919.61,129,Moderate
3,414.3,1,Moderate
5,220.1,4,Moderate
1,58.08,179,Recent
2,303.75,4,Moderate
2,416.08,157,Recent
1,345.82,28,Moderate
4,292.38,70,Moderate
11,1703.64,21,Loyal
1,74.39999999999999,70,Moderate
1,207.36,99,Moderate
1,101.19,234,Recent
1,243.94,39,Moderate
5,996.72,3,Moderate
1,76.5,133,Recent
4,1531.62,44,Loyal
2,786.54,59,Moderate
7,1488.67,31,Loyal
4,2294.78,11,Loyal
1,501.14,138,Recent
6,596.76,21,Moderate
5,1197.81,19,Moderate
1,30.6,238,Recent
1,283.73,269,Recent
2,922.39,94,Moderate
2,2500.01,89,Loyal
6,1876.2,4,Loyal
1,259.17,77,Moderate
1,64.0,94,Moderate
3,1073.3,23,Moderate
1,77.3,261,Recent
2,109.8,273,Recent
4,1793.58,85,Loyal
1,3096.0,196,Loyal
5,2607.61,56,Loyal
5,769.16,22,Moderate
2,264.21,108,Moderate
5,2388.75,84,Loyal
1,307.09000000000003,19,Moderate
1,110.95,332,Recent
3,323.52,39,Moderate
1,228.91,26,Moderate
4,712.8,10,Moderate
11,3373.86,29,Loyal
4,1676.06,14,Loyal
1,1257.87,295,Recent
1,486.22,5,Moderate
3,592.06,33,Moderate
4,1741.22,49,Loyal
4,1201.06,94,Moderate
4,1429.35,8,Moderate
1,91.8,22,Moderate
1,112.75,313,Recent
4,1688.29,122,Loyal
1,666.8399999999999,46,Moderate
1,417.2,283,Recent
4,791.33,18,Moderate
4,1299.59,36,Moderate
2,712.88,63,Moderate
1,108.81,26,Moderate
3,468.41,21,Moderate
1,187.71,4,Moderate
2,1373.76,16,Moderate
1,481.49,46,Moderate
1,282.45,64,Moderate
1,121.18,45,Moderate
10,1668.95,14,Loyal
1,71.4,267,Recent
3,1575.89,39,Moderate
1,236.02,337,Recent
1,114.6,11,Moderate
2,260.68,18,Moderate
2,911.94,95,Moderate
1,112.08,61,Moderate
1,60.7,135,Recent
4,1797.78,11,Loyal
5,3016.69,10,Loyal
4,870.09,19,Moderate
4,869.46,9,Moderate
2,250.26,15,Moderate
6,1217.65,58,Loyal
1,353.48,93,Moderate
2,984.72,10,Moderate
3,786.83,19,Moderate
5,1520.58,56,Loyal
1,333.74,267,Recent
3,533.98,122,Moderate
1,62.64,127,Moderate
4,819.2900000000001,78,Moderate
1,349.25,240,Recent
2,163.2,200,Recent
2,2155.95,60,Loyal
1,108.21,273,Recent
1,257.7,201,Recent
1,358.0,81,Moderate
1,160.95,225,Recent
13,2662.18,4,Loyal
7,1328.35,12,Loyal
2,605.12,74,Moderate
1,1031.07,212,Recent
2,744.85,24,Moderate
3,609.58,17,Moderate
1,329.56,261,Recent
3,439.58,96,Moderate
3,270.40000000000003,112,Moderate
1,585.12,203,Recent
1,121.74,92,Moderate
1,430.5,50,Moderate
6,1961.52,18,Loyal
4,501.12,17,Moderate
2,465.68,124,Moderate
3,711.41,92,Moderate
2,1030.4,156,Recent
1,173.81,9,Moderate
3,672.83,11,Moderate
1,283.18,61,Moderate
1,557.62,61,Moderate
2,944.1,268,Recent
1,200.29,263,Recent
5,2092.66,53,Loyal
11,3174.75,17,Loyal
1,211.49,37,Moderate
2,276.56,31,Moderate
1,138.98,113,Moderate
2,590.9300000000001,63,Moderate
4,258.4,15,Moderate
1,542.73,40,Moderate
1,137.75,78,Moderate
3,798.46,122,Moderate
3,1132.14,18,Moderate
2,93.66,59,Moderate
1,201.19,330,Recent
4,2709.12,23,Loyal
1,361.11,155,Recent
2,578.94,38,Moderate
2,873.74,189,Recent
1,87.4,137,Recent
4,2089.85,7,Loyal
1,360.0,1,Moderate
1,142.5,268,Recent
1,371.89,169,Recent
4,618.09,103,Moderate
1,63.75,155,Recent
9,1864.66,4,Loyal
1,15.0,120,Moderate
3,1385.51,22,Moderate
5,1456.79,7,Loyal
3,1132.03,28,Moderate
2,598.57,4,Moderate
5,1555.3200000000002,22,Loyal
3,775.94,1,Moderate
4,2035.63,66,Loyal
3,640.76,1,Moderate
4,1532.2,78,Moderate
2,567.36,72,Moderate
1,199.48,17,Moderate
5,787.85,3,Moderate
1,675.3,81,Moderate
6,2882.77,38,Loyal
1,1308.48,316,Recent
1,484.8,31,Moderate
3,1140.93,92,Moderate
1,350.90000000000003,14,Moderate
3,3502.32,82,Loyal
1,795.12,77,Moderate
1,487.02,157,Recent
1,860.12,200,Recent
1,775.85,260,Recent
1,353.43,177,Recent
3,2511.69,67,Loyal
1,389.5,287,Recent
1,341.36,70,Moderate
1,233.76,64,Moderate
1,247.32,10,Moderate
2,979.12,16,Moderate
1,373.94,66,Moderate
1,397.98,60,Moderate
1,743.53,71,Moderate
1,674.7,122,Moderate
1,768.24,80,Moderate
1,609.4,257,Recent
1,439.03,268,Recent
1,439.56,63,Moderate
4,3090.74,9,Loyal
2,992.5,17,Moderate
1,134.96,71,Moderate
2,2225.37,33,Loyal
1,56.16,50,Moderate
2,623.4,256,Recent
1,378.64,89,Moderate
3,3312.25,60,Loyal
1,778.65,88,Moderate
3,1019.76,99,Moderate
3,572.56,26,Moderate
1,222.99,280,Recent
1,534.57,329,Recent
2,677.1,131,Moderate
3,797.96,11,Moderate
1,544.08,74,Moderate
1,59.8,203,Recent
8,2520.02,1,Loyal
1,307.72,185,Recent
2,1360.99,29,Moderate
5,1544.13,72,Loyal
1,457.34,192,Recent
1,312.95,127,Moderate
1,75.0,17,Moderate
2,252.49,1,Moderate
3,572.451,74,Moderate
5,1003.06,24,Moderate
1,213.55,107,Moderate
3,1390.5,133,Moderate
2,712.5,43,Moderate
2,640.83,4,Moderate
1,221.06,63,Moderate
2,159.85,149,Recent
2,1833.71,40,Moderate
1,2626.3,64,Loyal
3,1624.21,108,Moderate
9,3304.34,0,Loyal
3,582.6,19,Moderate
1,201.78,10,Moderate
4,1006.8,10,Moderate
2,679.45,18,Moderate
2,1269.1,67,Moderate
2,534.24,74,Moderate
1,196.89,1,Moderate
7,3408.06,14,Loyal
1,283.71,255,Recent
1,296.64,91,Moderate
3,1129.14,23,Moderate
3,2705.15,16,Loyal
1,291.88,23,Moderate
6,2043.72,26,Loyal
5,2898.26,26,Loyal
2,590.0,259,Recent
2,356.98,165,Recent
1,365.4,24,Moderate
6,1766.72,17,Loyal
2,183.44,29,Moderate
3,1445.0,38,Moderate
1,151.5,252,Recent
1,674.68,58,Moderate
1,307.90000000000003,184,Recent
2,1071.91,10,Moderate
2,165.0,99,Moderate
4,2501.84,1,Loyal
2,422.64,60,Moderate
1,226.84,236,Recent
4,1431.78,191,Recent
2,1238.47,178,Recent
6,1454.58,37,Loyal
2,300.95,200,Recent
5,1804.56,45,Loyal
1,184.64,232,Recent
1,140.34,65,Moderate
1,313.8,241,Recent
1,454.24,233,Recent
3,1122.41,78,Moderate
2,382.25,57,Moderate
4,449.52,105,Moderate
8,1019.42,51,Loyal
3,1269.84,136,Moderate
2,618.63,275,Recent
1,316.26000000000005,311,Recent
3,1179.44,7,Moderate
1,152.32,10,Moderate
1,194.55,282,Recent
5,1159.11,17,Moderate
3,1166.77,23,Moderate
1,1340.32,288,Recent
3,292.0,16,Moderate
1,216.85,71,Moderate
1,295.93,64,Moderate
1,157.4,316,Recent
4,2479.16,3,Loyal
1,110.97,243,Recent
7,979.72,8,Loyal
4,1791.56,1,Loyal
1,251.21,260,Recent
1,205.1,126,Moderate
1,152.20000000000002,73,Moderate
4,891.12,72,Moderate
3,1389.41,21,Moderate
3,2128.42,59,Loyal
1,627.16,85,Moderate
1,122.75,78,Moderate
5,3320.95,58,Loyal
3,1071.73,1,Moderate
1,125.8,30,Moderate
4,3397.93,33,Loyal
5,680.1800000000001,40,Moderate
2,628.78,14,Moderate
7,2242.36,33,Loyal
2,307.76,78,Moderate
1,178.35,205,Recent
1,210.31,33,Moderate
3,269.09,182,Recent
7,3444.39,1,Loyal
7,1280.85,43,Loyal
3,631.34,85,Moderate
2,276.06,39,Moderate
3,621.09,12,Moderate
2,678.16,96,Moderate
7,918.2,25,Loyal
1,91.8,319,Recent
2,584.0600000000001,28,Moderate
4,594.52,5,Moderate
1,171.42000000000002,7,Moderate
1,141.86,215,Recent
3,1799.3300000000002,81,Moderate
2,777.53,84,Moderate
1,550.64,144,Recent
2,240.22,19,Moderate
2,856.84,40,Moderate
1,187.05,173,Recent
1,228.8,17,Moderate
1,239.49,243,Recent
12,2088.94,12,Loyal
1,1384.25,205,Recent
2,290.25,50,Moderate
5,732.07,23,Moderate
4,1687.6,25,Loyal
1,302.34000000000003,14,Moderate
1,118.0,309,Recent
1,781.03,155,Recent
1,142.4,306,Recent
1,712.4,63,Moderate
9,2478.95,15,Loyal
2,379.65,14,Moderate
6,1981.92,11,Loyal
3,1117.13,64,Moderate
4,247.96,35,Moderate
5,2011.88,108,Loyal
1,396.97,52,Moderate
2,664.11,5,Moderate
1,160.04,47,Moderate
1,219.52,312,Recent
2,693.32,45,Moderate
1,428.89,64,Moderate
1,164.34,26,Moderate
3,276.75,29,Moderate
1,675.51,40,Moderate
7,1082.33,12,Loyal
2,851.25,89,Moderate
4,1585.46,24,Loyal
1,417.69,318,Recent
3,544.18,40,Moderate
1,177.34,173,Recent
1,213.85,116,Moderate
5,727.74,30,Moderate
1,257.23,252,Recent
4,1327.28,59,Moderate
7,2031.78,5,Loyal
11,3070.42,99,Loyal
5,2118.93,24,Loyal
5,1547.36,33,Loyal
1,1071.03,67,Moderate
5,949.12,36,Moderate
3,804.3,52,Moderate
1,122.64,15,Moderate
1,1033.34,74,Moderate
1,312.28,215,Recent
3,519.44,31,Moderate
4,2624.26,16,Loyal
1,252.1,120,Moderate
4,1648.12,9,Loyal
1,148.8,256,Recent
6,1836.34,16,Loyal
2,94.2,35,Moderate
2,786.28,45,Moderate
6,2707.33,43,Loyal
2,932.97,114,Moderate
2,379.65,164,Recent
2,382.14,10,Moderate
5,2639.17,9,Loyal
2,1563.0,205,Recent
3,881.26,85,Moderate
1,189.47,179,Recent
3,84.65,60,Moderate
1,299.05,149,Recent
2,218.55,50,Moderate
1,349.7,75,Moderate
2,186.39,301,Recent
2,387.44,18,Moderate
2,486.8200000000001,151,Recent
1,232.6,151,Recent
4,827.83,17,Moderate
1,59.5,187,Recent
1,65.13,285,Recent
7,3119.44,2,Loyal
1,72.0,182,Recent
1,910.0,63,Moderate
1,172.25,59,Moderate
3,1488.32,24,Moderate
15,2504.13,31,Loyal
1,151.3,38,Moderate
1,308.58000000000004,155,Recent
10,2248.63,26,Loyal
1,99.5,318,Recent
9,2308.06,5,Loyal
2,393.72,7,Moderate
1,330.79,302,Recent
2,806.41,267,Recent
1,285.33,271,Recent
1,180.48,31,Moderate
2,252.06,218,Recent
1,228.84,246,Recent
2,582.71,281,Recent
1,138.28,269,Recent
6,1445.01,32,Loyal
2,306.55,246,Recent
5,1041.68,15,Moderate
4,799.9,116,Moderate
1,524.14,36,Moderate
3,2375.41,131,Loyal
1,199.85,217,Recent
8,1980.56,49,Loyal
2,1079.66,38,Moderate
2,333.48,28,Moderate
6,1016.14,36,Loyal
2,752.6,135,Moderate
2,610.59,219,Recent
1,491.86,28,Moderate
4,2883.54,24,Loyal
2,729.8,5,Moderate
1,339.6,200,Recent
1,216.9,18,Moderate
1,350.75,240,Recent
3,668.4300000000001,71,Moderate
12,3107.87,16,Loyal
7,1341.6,2,Loyal
2,1080.52,95,Moderate
1,300.04,162,Recent
4,744.25,95,Moderate
5,1647.26,53,Loyal
1,296.25,288,Recent
6,1175.38,124,Loyal
1,741.26,287,Recent
2,282.6,151,Recent
9,2108.06,3,Loyal
5,2471.7,11,Loyal
2,659.4100000000001,33,Moderate
2,286.79,54,Moderate
2,1070.65,50,Moderate
1,306.72,218,Recent
1,1714.96,63,Moderate
3,1519.42,70,Moderate
9,2474.21,2,Loyal
4,2634.45,64,Loyal
3,1122.63,33,Moderate
1,345.0,81,Moderate
1,178.7,103,Moderate
2,360.01,7,Moderate
1,127.84,250,Recent
6,908.86,12,Moderate
11,2462.79,9,Loyal
1,202.64,75,Moderate
1,348.79999999999995,4,Moderate
2,1516.0,127,Moderate
2,195.55,66,Moderate
2,688.86,116,Moderate
1,558.32,309,Recent
1,324.8,66,Moderate
1,277.07,255,Recent
7,2588.39,30,Loyal
2,924.6,52,Moderate
1,256.38,63,Moderate
5,1747.66,5,Loyal
1,155.05,305,Recent
3,1499.01,28,Moderate
3,814.5,183,Recent
3,539.0,42,Moderate
4,1366.86,39,Moderate
2,1579.12,92,Moderate
2,571.6700000000001,23,Moderate
1,254.28,29,Moderate
3,1140.35,301,Recent
2,385.64,144,Recent
2,632.0,5,Moderate
2,957.66,18,Moderate
5,1698.94,32,Loyal
1,189.5,176,Recent
3,409.8,57,Moderate
1,209.49,22,Moderate
5,1790.4499999999998,16,Loyal
1,52.2,19,Moderate
1,383.85,159,Recent
4,834.57,25,Moderate
2,266.59000000000003,211,Recent
3,444.16,5,Moderate
1,85.0,252,Recent
8,3075.05,58,Loyal
1,361.62,11,Moderate
1,312.98,64,Moderate
2,453.66,24,Moderate
2,935.0,92,Moderate
2,1537.95,51,Moderate
1,1595.48,129,Moderate
3,2651.46,95,Loyal
1,1090.14,57,Moderate
3,388.5,168,Recent
1,216.17,57,Moderate
1,201.16,326,Recent
5,1245.9,1,Loyal
8,2209.36,18,Loyal
1,305.78,247,Recent
4,501.56,58,Moderate
1,145.67,74,Moderate
3,1005.09,31,Moderate
2,3192.54,7,Loyal
3,2760.03,123,Loyal
8,2770.94,2,Loyal
3,389.6,119,Moderate
5,1786.79,53,Loyal
1,122.7,63,Moderate
1,117.24,86,Moderate
1,1271.57,54,Moderate
12,3121.97,21,Loyal
5,1191.13,2,Moderate
5,2674.48,10,Loyal
5,787.6,7,Moderate
2,506.8,189,Recent
1,243.56,71,Moderate
1,349.55,204,Recent
2,595.67,119,Moderate
1,416.9,92,Moderate
9,1693.46,1,Loyal
4,632.97,26,Moderate
1,821.1,297,Recent
3,564.62,23,Moderate
4,2593.07,28,Loyal
1,311.16,50,Moderate
1,155.93,325,Recent
2,388.52,16,Moderate
3,740.95,183,Recent
5,2867.2000000000003,72,Loyal
2,332.64,37,Moderate
4,2369.55,79,Loyal
9,2580.91,57,Loyal
2,626.45,11,Moderate
2,272.04,49,Moderate
2,1212.84,49,Moderate
2,384.81,59,Moderate
1,351.13,53,Moderate
6,1838.85,1,Loyal
4,678.25,92,Moderate
1,223.85,23,Moderate
1,348.99,74,Moderate
4,464.57,10,Moderate
2,842.65,169,Recent
2,337.34,57,Moderate
2,1237.53,95,Moderate
1,307.4,294,Recent
2,608.79,109,Moderate
1,922.1,263,Recent
1,376.58,179,Recent
1,158.85,169,Recent
1,71.66,35,Moderate
3,568.55,23,Moderate
4,839.14,17,Moderate
3,561.57,79,Moderate
1,90.6,65,Moderate
6,2427.32,2,Loyal
4,745.0600000000001,11,Moderate
3,674.45,176,Recent
2,3251.071,217,Loyal
6,3015.68,7,Loyal
2,439.92,1,Moderate
2,322.96,154,Recent
5,1019.27,5,Moderate
2,379.3,79,Moderate
2,230.22,21,Moderate
2,169.54999999999998,21,Moderate
3,513.24,308,Recent
1,80.7,145,Recent
8,2758.26,18,Loyal
2,190.25,70,Moderate
1,264.7,287,Recent
1,413.59,49,Moderate
6,2461.24,31,Loyal
1,357.98,206,Recent
2,196.79,14,Moderate
1,869.87,73,Moderate
1,200.14,60,Moderate
3,1443.21,39,Moderate
11,2274.07,29,Loyal
4,765.71,26,Moderate
1,320.46,17,Moderate
2,1266.08,65,Moderate
1,311.3,213,Recent
6,852.88,12,Moderate
1,76.8,30,Moderate
9,3466.36,42,Loyal
6,2274.14,3,Loyal
5,1393.69,15,Loyal
1,635.66,211,Recent
2,1741.84,45,Moderate
2,529.73,134,Moderate
5,2874.72,9,Loyal
3,962.19,115,Moderate
2,695.61,198,Recent
1,328.8,277,Recent
3,473.02,110,Moderate
1,505.18,77,Moderate
1,917.34,52,Moderate
3,1421.61,46,Moderate
2,642.8,16,Moderate
3,631.9,155,Recent
1,440.0,225,Recent
2,584.07,7,Moderate
2,327.7,121,Moderate
1,104.82,60,Moderate
2,467.66,63,Moderate
6,1682.34,18,Loyal
9,2356.17,2,Loyal
3,648.89,22,Moderate
5,1428.02,28,Loyal
1,626.65,284,Recent
1,35.400000000000006,176,Recent
3,1560.38,78,Moderate
1,152.2,33,Moderate
12,3560.32,40,Loyal
1,141.41,266,Recent
4,646.42,26,Moderate
3,1333.35,109,Moderate
1,154.99,284,Recent
4,1021.69,8,Moderate
1,409.93,305,Recent
2,746.36,31,Moderate
1,225.36,19,Moderate
2,260.25,124,Moderate
1,92.46,65,Moderate
1,725.6400000000001,106,Moderate
1,183.6,266,Recent
5,1334.34,29,Loyal
1,152.55,266,Recent
2,374.7,63,Moderate
1,265.85,320,Recent
8,1437.57,3,Loyal
1,151.04,32,Moderate
3,942.26,4,Moderate
1,118.67,129,Recent
5,499.42,40,Moderate
5,913.13,101,Moderate
1,375.1,124,Moderate
1,45.6,32,Moderate
1,498.1,302,Recent
6,558.54,4,Moderate
15,3255.8,2,Loyal
1,191.47,2,Moderate
1,158.75,56,Moderate
1,76.32000000000001,324,Recent
12,3475.1800000000003,7,Loyal
1,433.86,12,Moderate
1,147.35,36,Moderate
10,2720.65,16,Loyal
1,191.95,137,Recent
5,1105.88,5,Moderate
2,216.21,154,Recent
1,1266.23,239,Recent
6,2339.99,51,Loyal
2,597.91,30,Moderate
1,144.2,72,Moderate
4,692.85,14,Moderate
7,2915.15,22,Loyal
3,1406.92,3,Moderate
2,386.53,273,Recent
5,1382.74,19,Loyal
1,90.0,143,Recent
4,2780.15,3,Loyal
1,419.58,84,Moderate
3,2720.63,10,Loyal
3,706.1300000000001,7,Moderate
3,709.71,122,Moderate
2,637.5,60,Moderate
5,1123.86,1,Moderate
1,480.91,319,Recent
3,605.64,129,Moderate
2,965.88,1,Moderate
1,415.82,46,Moderate
2,935.05,3,Moderate
4,915.13,2,Moderate
1,115.8,133,Recent
4,2949.57,8,Loyal
2,483.4,78,Moderate
1,157.2,233,Recent
1,446.62,220,Recent
1,352.46,35,Moderate
2,621.29,75,Moderate
2,1345.62,239,Recent
1,118.75,266,Recent
2,424.89,19,Moderate
1,507.66,40,Moderate
2,814.47,215,Recent
2,289.36,173,Recent
4,2445.91,87,Loyal
2,1631.77,70,Moderate
1,120.44,275,Recent
4,562.59,39,Moderate
1,363.79,98,Moderate
4,450.84,10,Moderate
1,134.46,33,Moderate
3,3222.3,59,Loyal
3,417.35,297,Recent
4,549.46,86,Moderate
7,1600.26,8,Loyal
2,701.57,40,Moderate
1,452.89,66,Moderate
1,197.65,331,Recent
6,2054.36,30,Loyal
2,853.39,67,Moderate
2,1012.0,201,Recent
1,335.52,106,Moderate
4,701.4,18,Moderate
1,185.4,218,Recent
6,680.2,60,Moderate
1,150.61,2,Moderate
2,466.7,16,Moderate
1,328.16,239,Recent
1,151.74,94,Moderate
6,2073.43,10,Loyal
5,1600.89,105,Loyal
9,2241.1,53,Loyal
1,1070.48,89,Moderate
5,1004.38,30,Moderate
5,1623.72,11,Loyal
4,1839.3,3,Loyal
16,1886.68,1,Loyal
1,169.48000000000002,42,Moderate
1,89.94,4,Moderate
1,319.42,247,Recent
9,3432.8,42,Loyal
1,683.17,177,Recent
3,991.13,92,Moderate
4,1009.73,110,Moderate
5,2214.79,28,Loyal
10,3350.96,26,Loyal
3,1547.2,51,Moderate
3,925.71,183,Recent
5,2048.07,42,Loyal
4,1462.72,49,Moderate
4,754.12,22,Moderate
5,3144.86,75,Loyal
1,301.56,80,Moderate
1,146.85,326,Recent
11,2380.85,43,Loyal
2,890.34,30,Moderate
1,213.7,183,Recent
2,280.55,234,Recent
8,2116.77,8,Loyal
2,1693.45,219,Recent
3,1474.06,110,Moderate
1,136.77,278,Recent
1,302.58,318,Recent
3,1904.05,7,Loyal
5,2879.7000000000003,1,Loyal
1,445.2000000000001,260,Recent
5,3099.7200000000003,64,Loyal
1,120.0,141,Recent
2,1163.45,50,Moderate
8,2618.23,8,Loyal
2,333.97,154,Recent
2,530.18,109,Moderate
3,1516.24,162,Moderate
1,492.65,331,Recent
1,112.32,225,Recent
2,437.96,73,Moderate
4,559.97,51,Moderate
3,1119.74,98,Moderate
1,134.04,196,Recent
14,3130.44,3,Loyal
2,595.25,30,Moderate
4,1910.01,21,Loyal
3,176.63,8,Moderate
1,426.6,213,Recent
6,911.26,8,Moderate
4,1537.09,11,Loyal
3,681.64,3,Moderate
1,166.20000000000002,40,Moderate
4,1305.33,17,Moderate
8,3536.38,8,Loyal
1,43.2,18,Moderate
1,640.14,117,Moderate
1,383.45,222,Recent
3,1858.96,71,Loyal
2,2093.32,51,Loyal
5,2212.61,88,Loyal
8,2204.78,8,Loyal
1,310.26,242,Recent
6,1611.59,46,Loyal
1,120.0,106,Moderate
6,2481.13,44,Loyal
1,508.58,64,Moderate
2,477.79,206,Recent
5,1530.75,10,Loyal
2,605.0600000000001,114,Moderate
1,183.85,242,Recent
1,311.65000000000003,163,Recent
2,462.66,124,Moderate
3,840.21,22,Moderate
1,415.2,67,Moderate
7,2232.06,16,Loyal
2,454.86,16,Moderate
4,1614.91,16,Loyal
2,588.22,161,Recent
1,309.52000000000004,242,Recent
1,134.7,218,Recent
8,2166.98,45,Loyal
4,668.5600000000001,21,Moderate
5,534.28,127,Moderate
1,108.98,38,Moderate
2,1021.58,120,Moderate
1,409.57,260,Recent
1,133.5,10,Moderate
1,282.93,274,Recent
1,51.0,164,Recent
4,1078.96,157,Moderate
1,90.6,215,Recent
2,163.62,5,Moderate
2,701.23,79,Moderate
1,225.12,43,Moderate
3,912.18,19,Moderate
4,2118.03,31,Loyal
1,151.5,22,Moderate
1,155.0,319,Recent
1,100.5,295,Recent
1,235.56,185,Recent
2,617.05,191,Recent
2,348.1,44,Moderate
1,202.68,52,Moderate
1,615.49,26,Moderate
3,1247.69,38,Moderate
3,202.11,9,Moderate
1,142.4,296,Recent
3,1727.6,32,Moderate
7,2900.04,10,Loyal
2,1043.46,65,Moderate
1,67.95,218,Recent
8,3171.23,2,Loyal
1,377.64,65,Moderate
19,2612.96,2,Loyal
1,574.7,149,Recent
4,1475.81,130,Moderate
5,1320.09,33,Loyal
1,156.75,119,Moderate
6,2157.73,107,Loyal
7,2599.03,10,Loyal
4,1730.65,71,Loyal
9,1100.27,92,Loyal
1,1063.0,310,Recent
2,770.03,42,Moderate
6,1279.78,91,Loyal
2,490.22,22,Moderate
3,1937.25,3,Loyal
5,927.69,10,Moderate
1,387.52,99,Moderate
2,813.11,57,Moderate
1,265.2,218,Recent
1,322.08,17,Moderate
2,363.34,50,Moderate
5,1224.06,7,Loyal
1,470.36,302,Recent
6,2248.5,9,Loyal
6,1372.8,21,Loyal
1,89.06,98,Moderate
1,131.9,306,Recent
1,2661.24,319,Recent
4,1700.98,8,Loyal
4,1712.89,0,Loyal
2,1589.82,204,Recent
3,1116.7,53,Moderate
4,1010.35,0,Moderate
5,1163.23,18,Moderate
1,273.0,9,Moderate
3,675.56,18,Moderate
3,483.25,180,Recent
2,643.9,60,Moderate
2,259.05,10,Moderate
1,119.93,190,Recent
9,3017.28,5,Loyal
1,113.64,310,Recent
1,1837.92,155,Moderate
3,434.34,110,Moderate
3,2103.06,148,Loyal
11,1980.57,66,Loyal
3,529.62,98,Moderate
3,1038.44,246,Recent
6,1892.65,29,Loyal
4,596.26,17,Moderate
2,461.19,11,Moderate
7,1606.29,103,Loyal
2,234.34,74,Moderate
1,547.66,46,Moderate
3,925.85,71,Moderate
1,193.0,257,Recent
4,1309.6,19,Moderate
1,141.85,253,Recent
1,279.05,11,Moderate
2,636.51,164,Recent
6,2022.81,18,Loyal
1,137.1,281,Recent
1,321.92,50,Moderate
1,162.8,38,Moderate
5,1040.38,26,Moderate
1,1064.28,67,Moderate
1,463.38,207,Recent
1,213.73,175,Recent
5,2383.24,7,Loyal
1,139.56,25,Moderate
2,123.8,50,Moderate
1,234.47,311,Recent
1,475.37,309,Recent
4,1791.1,42,Loyal
3,808.44,26,Moderate
3,356.85,88,Moderate
2,251.21,183,Recent
11,2429.83,19,Loyal
6,3543.26,3,Loyal
4,673.26,47,Moderate
4,1703.65,17,Loyal
6,1367.88,23,Loyal
2,268.05,22,Moderate
5,1314.81,11,Loyal
2,275.28,187,Recent
3,455.59,100,Moderate
3,990.2,61,Moderate
6,2076.89,17,Loyal
2,330.45,33,Moderate
1,174.37,64,Moderate
2,270.6,1,Moderate
4,974.54,24,Moderate
1,241.09,108,Moderate
8,1568.38,31,Loyal
1,364.22,37,Moderate
3,578.61,60,Moderate
6,2862.11,25,Loyal
3,710.25,236,Recent
6,1516.22,24,Loyal
3,2854.84,60,Loyal
1,170.95,259,Recent
1,355.56,57,Moderate
2,388.25,64,Moderate
2,537.48,15,Moderate
3,952.66,9,Moderate
8,1453.35,58,Loyal
1,103.25,185,Recent
15,3345.33,28,Loyal
1,902.53,24,Moderate
5,2573.93,5,Loyal
2,652.8,150,Recent
1,289.24,311,Recent
2,757.37,10,Moderate
2,186.23,18,Moderate
1,164.22,151,Recent
5,859.27,19,Moderate
4,2279.49,10,Loyal
2,312.54,57,Moderate
1,788.38,85,Moderate
21,1829.6,7,Loyal
3,1080.76,75,Moderate
3,1931.71,95,Loyal
1,1432.0,110,Moderate
2,1530.36,56,Moderate
1,227.39,1,Moderate
2,218.06,280,Recent
7,2804.54,3,Loyal
8,1237.82,179,Loyal
3,512.8100000000001,12,Moderate
1,168.63,3,Moderate
1,138.6,16,Moderate
1,114.11,40,Moderate
5,986.96,5,Moderate
4,1033.06,169,Recent
1,157.05,50,Moderate
1,237.36,276,Recent
9,1580.29,18,Loyal
4,1320.21,15,Moderate
3,557.94,35,Moderate
3,617.15,21,Moderate
1,108.33,7,Moderate
6,1740.6,19,Loyal
2,866.24,11,Moderate
1,221.97,44,Moderate
1,393.33,305,Recent
1,213.96,10,Moderate
1,660.0,274,Recent
3,1581.15,4,Moderate
4,601.56,72,Moderate
3,406.08,242,Recent
3,553.44,9,Moderate
1,394.44,245,Recent
2,412.78,205,Recent
4,1482.66,1,Moderate
1,320.58000000000004,184,Recent
5,886.7,32,Moderate
2,225.85,57,Moderate
1,314.1,196,Recent
4,2791.27,23,Loyal
2,671.96,91,Moderate
2,955.26,4,Moderate
3,1006.98,50,Moderate
1,114.56,262,Recent
1,344.90000000000003,266,Recent
2,609.85,36,Moderate
1,443.6,50,Moderate
5,2307.95,52,Loyal
6,2107.38,24,Loyal
1,110.46,21,Moderate
1,96.12,58,Moderate
1,335.87,170,Recent
2,830.76,67,Moderate
2,597.09,156,Recent
1,236.04,201,Recent
4,1402.59,4,Moderate
2,653.75,67,Moderate
1,114.18,77,Moderate
7,1926.65,1,Loyal
4,1932.23,8,Loyal
2,291.05,169,Recent
4,848.22,17,Moderate
2,247.15,5,Moderate
9,2529.93,8,Loyal
2,285.74,86,Moderate
1,107.95,26,Moderate
4,741.37,28,Moderate
2,636.24,19,Moderate
5,1835.7,60,Loyal
1,195.25,24,Moderate
3,1259.24,241,Recent
2,392.86,280,Recent
2,765.5500000000001,234,Recent
4,1362.91,3,Moderate
1,596.36,16,Moderate
6,2548.24,31,Loyal
3,498.95,71,Moderate
2,52.0,187,Recent
4,1033.15,25,Moderate
1,628.38,106,Moderate
1,112.8,208,Recent
2,355.05,44,Moderate
5,2114.33,30,Loyal
4,591.55,137,Moderate
1,172.9,264,Recent
6,1784.33,4,Loyal
2,188.61,218,Recent
5,1217.27,1,Moderate
1,109.13,214,Recent
3,2195.1,32,Loyal
9,2526.09,10,Loyal
16,2941.34,1,Loyal
1,318.17,14,Moderate
9,1493.96,11,Loyal
1,179.0,198,Recent
2,707.3100000000001,2,Moderate
4,599.48,14,Moderate
11,2839.62,10,Loyal
3,917.07,29,Moderate
9,2236.35,9,Loyal
1,160.19,24,Moderate
4,867.38,24,Moderate
2,307.51,43,Moderate
5,1581.84,1,Loyal
3,663.81,5,Moderate
1,180.42,147,Recent
3,666.71,10,Moderate
1,655.58,24,Moderate
1,268.58,274,Recent
8,1897.57,1,Loyal
3,380.02,47,Moderate
8,2702.49,8,Loyal
2,730.55,3,Moderate
7,1314.45,42,Loyal
6,3188.4,4,Loyal
3,1448.21,197,Recent
4,905.04,11,Moderate
6,874.98,16,Moderate
5,1220.26,112,Moderate
1,328.2,249,Recent
3,945.33,29,Moderate
1,389.64,43,Moderate
1,563.15,87,Moderate
2,638.05,44,Moderate
1,738.96,15,Moderate
1,420.5,75,Moderate
4,1484.06,144,Moderate
3,1625.97,4,Moderate
1,89.2,297,Recent
2,255.9,58,Moderate
1,300.52,263,Recent
1,278.3,46,Moderate
3,254.11,29,Moderate
5,2292.97,8,Loyal
2,192.6,17,Moderate
2,876.4200000000001,232,Recent
1,139.26,112,Moderate
2,605.34,58,Moderate
11,2538.3,51,Loyal
2,730.86,127,Moderate
3,386.15,280,Recent
2,447.68,54,Moderate
1,200.1,319,Recent
2,289.99,26,Moderate
2,77.4,10,Moderate
2,679.44,7,Moderate
1,197.64,28,Moderate
4,745.06,16,Moderate
1,6.2,63,Moderate
1,228.99,21,Moderate
7,1319.91,2,Loyal
1,131.45000000000002,166,Recent
3,173.74,52,Moderate
1,157.7,51,Moderate
10,3111.94,47,Loyal
1,189.34,61,Moderate
3,845.5500000000001,162,Recent
1,353.27,8,Moderate
4,546.4,15,Moderate
1,193.39,75,Moderate
8,2718.6,39,Loyal
10,1907.44,40,Loyal
2,778.5,36,Moderate
1,271.85,197,Recent
2,1110.34,200,Recent
3,657.8,73,Moderate
2,272.07,64,Moderate
4,507.29,21,Moderate
3,321.43,180,Recent
4,1127.71,10,Moderate
10,1824.58,3,Loyal
3,2139.76,196,Loyal
2,312.22,29,Moderate
1,188.88,53,Moderate
6,1720.3,17,Loyal
3,102.45,10,Moderate
4,1649.5,89,Loyal
1,62.85,267,Recent
5,2900.6,53,Loyal
4,2824.69,43,Loyal
4,3189.81,63,Loyal
1,309.40000000000003,148,Recent
1,325.75,311,Recent
2,511.35,23,Moderate
6,2836.69,58,Loyal
2,475.8,24,Moderate
7,2740.03,78,Loyal
2,645.65,119,Moderate
3,1290.53,36,Moderate
2,1173.12,59,Moderate
4,1353.74,12,Moderate
1,170.32,19,Moderate
1,125.79,52,Moderate
2,841.2,25,Moderate
1,266.76,29,Moderate
1,15.0,7,Moderate
3,710.28,185,Recent
8,2953.59,3,Loyal
2,721.45,8,Moderate
1,327.25,261,Recent
3,380.33,3,Moderate
1,519.68,210,Recent
2,1465.32,107,Moderate
8,1154.08,12,Loyal
3,690.59,77,Moderate
1,255.4,19,Moderate
2,589.7,26,Moderate
6,761.59,18,Moderate
1,765.3199999999999,131,Moderate
1,364.8,252,Recent
1,1862.0,79,Moderate
1,369.2,207,Recent
1,135.9,336,Recent
1,125.65,253,Recent
2,554.38,148,Recent
2,1237.85,9,Moderate
1,655.75,85,Moderate
1,211.55,204,Recent
4,1366.38,7,Moderate
5,1170.81,23,Moderate
6,924.24,11,Moderate
1,332.66,25,Moderate
5,2795.33,21,Loyal
2,1025.44,2,Moderate
2,616.15,157,Recent
4,2540.4100000000003,3,Loyal
1,277.8,74,Moderate
4,434.35,2,Moderate
2,867.85,16,Moderate
3,926.56,35,Moderate
2,307.48,91,Moderate
4,1268.98,70,Moderate
2,1610.15,115,Moderate
2,977.77,212,Recent
2,1316.07,30,Moderate
1,749.1,50,Moderate
1,310.05,245,Recent
1,223.88,32,Moderate
3,2362.96,108,Loyal
5,1257.68,4,Loyal
2,1890.94,81,Moderate
1,1784.71,297,Recent
3,1621.88,56,Moderate
1,100.9,14,Moderate
2,290.82,72,Moderate
6,1101.97,23,Loyal
1,371.2,19,Moderate
1,311.69,79,Moderate
1,285.67,25,Moderate
1,294.85,12,Moderate
1,58.49,253,Recent
3,483.73,147,Recent
4,695.42,64,Moderate
2,221.27,8,Moderate
1,126.7,270,Recent
5,1472.34,9,Loyal
1,206.21,247,Recent
2,596.09,96,Moderate
1,183.02,14,Moderate
1,463.8,49,Moderate
1,147.59,30,Moderate
4,1592.06,68,Loyal
3,1097.98,35,Moderate
1,114.77,128,Moderate
3,1314.45,107,Moderate
1,89.94,37,Moderate
1,279.94,57,Moderate
7,790.86,57,Loyal
5,1921.37,72,Loyal
1,102.12,246,Recent
2,202.37,19,Moderate
1,172.24,198,Recent
1,163.2,15,Moderate
1,334.54,211,Recent
2,231.98,38,Moderate
3,546.1999999999999,46,Moderate
2,414.87,170,Recent
1,490.52,47,Moderate
3,1010.11,115,Moderate
1,1220.77,147,Recent
1,480.38,51,Moderate
1,156.91,159,Recent
3,1259.43,12,Moderate
1,308.94,35,Moderate
1,216.48,53,Moderate
2,257.67,43,Moderate
1,170.04,172,Recent
1,125.58,33,Moderate
2,384.96,38,Moderate
1,252.81,266,Recent
8,1673.68,8,Loyal
4,852.39,11,Moderate
8,1145.21,9,Loyal
1,361.96,33,Moderate
3,469.0,80,Moderate
4,1066.15,30,Moderate
3,441.16,8,Moderate
2,518.28,71,Moderate
4,653.19,4,Moderate
1,2188.5,256,Recent
10,2557.18,4,Loyal
7,3453.76,15,Loyal
1,252.73,89,Moderate
3,429.56,72,Moderate
5,566.86,58,Moderate
1,179.93,170,Recent
1,135.93,199,Recent
1,537.0,31,Moderate
2,735.66,151,Recent
1,343.62,269,Recent
3,282.3,65,Moderate
1,121.17000000000002,273,Recent
3,1737.69,25,Moderate
3,1383.36,23,Moderate
1,207.73,319,Recent
3,693.95,4,Moderate
2,302.1,12,Moderate
2,1489.5,275,Recent
11,2102.54,25,Loyal
9,1337.72,40,Loyal
4,294.25,8,Moderate
3,778.78,71,Moderate
1,370.8,213,Recent
4,3158.13,37,Loyal
1,893.59,53,Moderate
3,1744.76,78,Moderate
2,553.36,46,Moderate
1,1109.53,179,Recent
2,982.07,93,Moderate
3,1043.41,9,Moderate
1,735.67,105,Moderate
1,773.03,77,Moderate
1,880.85,172,Recent
3,753.6600000000001,212,Recent
4,393.65,22,Moderate
1,88.2,256,Recent
1,306.94,281,Recent
2,1160.07,21,Moderate
6,2420.84,10,Loyal
1,381.32,308,Recent
1,480.71,67,Moderate
2,457.81,215,Recent
4,1370.6,103,Moderate
1,219.39,42,Moderate
1,248.08,4,Moderate
1,410.48,84,Moderate
1,175.2,333,Recent
1,215.25,8,Moderate
2,703.36,31,Moderate
2,993.54,196,Recent
7,2298.93,18,Loyal
5,1422.52,17,Loyal
4,142.45,311,Recent
4,1300.25,141,Moderate
1,484.95,245,Recent
4,996.1,23,Moderate
2,1278.98,29,Moderate
3,3509.43,9,Loyal
10,2760.56,30,Loyal
1,340.11,18,Moderate
4,1352.75,17,Moderate
5,1551.78,14,Loyal
1,244.8,134,Recent
1,266.4,245,Recent
1,358.82,133,Recent
2,457.72,50,Moderate
3,1633.78,114,Moderate
2,2199.31,7,Loyal
2,184.19,22,Moderate
1,406.53,65,Moderate
4,1471.0,60,Moderate
11,3447.4,50,Loyal
1,330.11,169,Recent
5,977.93,18,Moderate
3,982.42,127,Moderate
8,1387.99,14,Loyal
1,139.05,239,Recent
4,1286.7,2,Moderate
2,178.96,239,Recent
7,2354.25,52,Loyal
1,498.74,46,Moderate
1,259.45,225,Recent
4,1194.73,4,Moderate
2,1327.16,164,Recent
1,623.5,240,Recent
1,301.29,10,Moderate
1,520.8000000000001,133,Moderate
1,329.25,31,Moderate
1,254.28,75,Moderate
3,961.49,1,Moderate
2,850.61,3,Moderate
1,401.4,45,Moderate
2,304.47,18,Moderate
3,824.58,68,Moderate
1,158.8,320,Recent
1,106.56,25,Moderate
1,1289.5,331,Recent
5,1624.05,8,Loyal
1,135.75,322,Recent
1,224.14,71,Moderate
1,40.5,260,Recent
5,2206.9500000000003,18,Loyal
3,689.48,66,Moderate
2,622.85,154,Recent
2,402.2,29,Moderate
1,310.62,70,Moderate
2,411.41,14,Moderate
2,729.32,119,Moderate
1,499.32,60,Moderate
2,523.11,10,Moderate
2,193.64,92,Moderate
4,1268.7,59,Moderate
5,1236.54,87,Moderate
6,1827.8,25,Loyal
2,653.24,85,Moderate
4,420.3,10,Moderate
4,804.72,1,Moderate
1,331.18,225,Recent
1,511.34,60,Moderate
1,101.8,241,Recent
2,328.35,318,Recent
8,1661.44,1,Loyal
3,734.94,46,Moderate
1,96.6,87,Moderate
1,305.75,176,Recent
6,1778.96,51,Loyal
1,585.0,318,Recent
2,755.75,225,Recent
1,409.4,234,Recent
1,154.41,310,Recent
5,1219.4,36,Moderate
4,3386.71,66,Loyal
2,429.6,239,Recent
2,612.06,113,Moderate
1,197.0,276,Recent
9,1552.87,217,Loyal
1,321.05,298,Recent
4,1412.32,1,Moderate
3,1071.99,29,Moderate
2,780.59,10,Moderate
5,1706.57,44,Loyal
8,1756.44,66,Loyal
1,316.68,74,Moderate
2,631.57,65,Moderate
3,2515.84,134,Loyal
1,328.15,238,Recent
1,356.0,122,Moderate
2,740.78,36,Moderate
5,918.2,16,Moderate
1,300.36,127,Moderate
1,890.85,66,Moderate
1,98.45,148,Recent
1,317.15,283,Recent
2,623.16,168,Recent
5,1390.27,100,Loyal
1,254.82,135,Recent
1,178.95000000000002,323,Recent
1,156.51,106,Moderate
1,393.74,64,Moderate
2,1506.12,151,Moderate
1,119.3,338,Recent
5,1717.36,22,Loyal
1,408.8,23,Moderate
7,2379.49,15,Loyal
14,2381.59,7,Loyal
2,721.94,57,Moderate
2,716.57,4,Moderate
1,615.14,37,Moderate
1,128.63,66,Moderate
1,255.9,46,Moderate
1,113.12,172,Recent
9,2332.15,58,Loyal
1,240.55,49,Moderate
2,486.69,22,Moderate
4,2140.87,43,Loyal
3,939.78,29,Moderate
1,178.39,201,Recent
3,641.94,10,Moderate
4,2672.0,67,Loyal
1,496.44,64,Moderate
1,574.02,290,Recent
7,571.25,60,Moderate
3,1174.35,64,Moderate
1,205.3,95,Moderate
1,310.47,274,Recent
3,635.11,75,Moderate
1,52.0,110,Moderate
1,327.97,199,Recent
2,570.5,64,Moderate
1,165.0,326,Recent
1,312.62,3,Moderate
1,204.5,283,Recent
1,267.13,44,Moderate
3,2748.31,70,Loyal
1,679.68,85,Moderate
1,161.74,103,Moderate
1,311.71,333,Recent
1,208.75,52,Moderate
3,1049.7,39,Moderate
2,714.9599999999999,32,Moderate
1,1028.56,208,Recent
3,350.82,156,Recent
1,170.22,53,Moderate
2,574.07,66,Moderate
1,2020.52,80,Moderate
1,406.09,129,Moderate
1,364.5,87,Moderate
3,563.94,0,Moderate
1,393.54,45,Moderate
1,252.42,332,Recent
1,158.04,72,Moderate
2,463.91,158,Recent
6,1659.99,12,Loyal
1,458.47,254,Recent
2,277.05,29,Moderate
8,2379.11,31,Loyal
1,427.93,39,Moderate
2,913.19,95,Moderate
7,2314.32,25,Loyal
1,496.97,75,Moderate
4,1877.59,57,Loyal
1,446.94000000000005,21,Moderate
7,2386.05,40,Loyal
1,2007.4,137,Moderate
10,1878.81,8,Loyal
1,168.0,128,Moderate
3,1221.56,40,Moderate
6,2211.83,169,Loyal
4,1460.16,8,Moderate
2,596.85,213,Recent
1,338.84,169,Recent
1,316.88,40,Moderate
1,394.14,186,Recent
1,140.54,270,Recent
1,500.0,172,Recent
3,1196.55,4,Moderate
2,231.86,16,Moderate
3,1595.88,9,Moderate
1,107.45,325,Recent
1,288.18,112,Moderate
1,94.0,289,Recent
2,1345.53,16,Moderate
3,815.77,1,Moderate
5,716.2,92,Moderate
2,626.77,148,Recent
1,349.1,189,Recent
2,510.71,31,Moderate
4,1046.74,33,Moderate
1,267.18,264,Recent
8,3450.84,84,Loyal
4,1348.93,26,Moderate
1,190.53,171,Recent
3,774.9000000000001,9,Moderate
1,559.61,313,Recent
1,508.8,85,Moderate
1,135.86,24,Moderate
4,950.36,58,Moderate
2,97.7,323,Recent
1,43.5,38,Moderate
2,383.34,254,Recent
4,1021.5,19,Moderate
3,1430.54,33,Moderate
1,93.78,15,Moderate
2,397.35,26,Moderate
1,171.19000000000003,23,Moderate
2,533.3,213,Recent
5,1041.48,8,Moderate
1,149.29,22,Moderate
3,1067.75,12,Moderate
1,200.16,262,Recent
1,156.57999999999998,131,Recent
3,383.68,54,Moderate
1,594.0,248,Recent
7,3213.59,1,Loyal
2,1411.21,9,Moderate
1,113.5,264,Recent
1,155.17000000000002,330,Recent
1,494.64,312,Recent
3,974.52,26,Moderate
1,429.84,30,Moderate
3,528.48,29,Moderate
7,1371.77,1,Loyal
2,203.37,283,Recent
1,237.07,262,Recent
1,161.64,25,Moderate
3,234.6,94,Moderate
1,126.14,29,Moderate
1,1044.65,338,Recent
1,334.53,85,Moderate
3,524.88,9,Moderate
2,467.51,51,Moderate
2,538.55,50,Moderate
1,454.48,2,Moderate
1,371.56,113,Moderate
7,1771.2,14,Loyal
1,454.11,77,Moderate
2,1399.92,40,Moderate
1,905.5,116,Moderate
4,225.26,161,Recent
2,1624.91,30,Moderate
1,91.32,92,Moderate
3,1134.28,22,Moderate
6,3100.09,95,Loyal
2,659.46,28,Moderate
5,1953.41,32,Loyal
2,1280.58,21,Moderate
2,1262.2,17,Moderate
4,1131.56,8,Moderate
1,52.83,81,Moderate
3,972.08,22,Moderate
1,475.86,171,Recent
6,1000.27,189,Recent
1,250.0,330,Recent
5,900.53,11,Moderate
1,19.8,155,Recent
7,2199.01,12,Loyal
3,62.43,44,Moderate
1,267.03,233,Recent
8,1921.55,64,Loyal
1,343.5,1,Moderate
8,3000.2,40,Loyal
2,397.99,32,Moderate
1,412.0100000000001,84,Moderate
1,440.0,24,Moderate
2,459.44,2,Moderate
2,148.44,33,Moderate
7,2207.13,18,Loyal
1,229.33,254,Recent
4,1497.31,21,Moderate
2,1972.39,8,Moderate
3,1210.93,25,Moderate
3,807.57,19,Moderate
4,502.9,173,Recent
1,110.92,163,Recent
1,538.46,7,Moderate
1,213.3,11,Moderate
1,85.13000000000001,114,Moderate
1,127.86,288,Recent
8,3192.17,9,Loyal
1,153.64,54,Moderate
3,1681.46,77,Moderate
4,575.63,4,Moderate
1,436.06,36,Moderate
1,90.12,217,Recent
1,428.93,60,Moderate
1,217.2,277,Recent
1,279.77,24,Moderate
1,468.91,28,Moderate
4,800.5899999999999,11,Moderate
3,1130.25,22,Moderate
2,173.16000000000005,50,Moderate
1,186.01,18,Moderate
3,758.29,2,Moderate
5,1375.71,103,Loyal
9,3100.88,7,Loyal
4,650.4300000000001,11,Moderate
7,2533.42,4,Loyal
2,591.1899999999999,31,Moderate
1,112.1,177,Recent
1,921.37,37,Moderate
3,258.88,151,Recent
1,127.1,162,Recent
2,327.6,68,Moderate
9,3351.91,120,Loyal
3,682.9100000000001,24,Moderate
4,720.86,23,Moderate
1,455.3,176,Recent
3,568.8,50,Moderate
3,478.53,255,Recent
1,388.58,46,Moderate
1,199.8,70,Moderate
5,1771.78,15,Loyal
4,1004.27,100,Moderate
1,324.57,35,Moderate
1,240.68,53,Moderate
2,761.74,26,Moderate
7,1145.32,8,Loyal
1,48.48,78,Moderate
1,216.39,52,Moderate
4,1003.38,36,Moderate
9,2920.16,61,Loyal
1,104.76,336,Recent
4,1093.68,28,Moderate
1,298.48,184,Recent
1,112.46,51,Moderate
13,1591.45,9,Loyal
2,195.15,36,Moderate
4,776.851,32,Moderate
1,336.4,10,Moderate
2,1128.69,56,Moderate
4,1293.03,4,Moderate
1,301.03000000000003,141,Recent
4,588.13,116,Moderate
4,1534.26,103,Moderate
2,675.8,74,Moderate
8,2551.06,4,Loyal
2,1186.35,45,Moderate
8,3285.31,15,Loyal
1,243.55,17,Moderate
2,724.76,89,Moderate
1,223.36,52,Moderate
1,425.32,134,Recent
3,1578.83,105,Moderate
3,664.0,191,Recent
4,803.54,166,Recent
1,612.01,18,Moderate
2,257.84000000000003,157,Recent
2,639.5,204,Recent
1,306.0,336,Recent
3,646.3,36,Moderate
1,337.74,91,Moderate
2,877.44,92,Moderate
2,922.53,9,Moderate
1,560.6700000000001,243,Recent
4,748.5,45,Moderate
1,30.0,22,Moderate
4,717.9,190,Recent
1,306.45,43,Moderate
8,1391.56,25,Loyal
2,309.8,317,Recent
1,138.14,106,Moderate
1,386.43,50,Moderate
2,2222.21,168,Loyal
1,301.32000000000005,39,Moderate
1,76.32000000000001,217,Recent
4,684.34,40,Moderate
1,173.05,296,Recent
7,2657.13,18,Loyal
4,2726.23,88,Loyal
5,2446.6,73,Loyal
3,323.69,81,Moderate
3,3435.76,18,Loyal
1,657.23,49,Moderate
1,352.7,52,Moderate
4,781.28,24,Moderate
2,854.79,9,Moderate
5,1426.16,25,Loyal
1,193.75,117,Moderate
9,2993.1,8,Loyal
1,150.6,119,Moderate
2,239.76,4,Moderate
1,136.8,252,Recent
1,191.04,28,Moderate
2,409.98,266,Recent
8,2711.11,33,Loyal
1,309.65,17,Moderate
2,696.68,172,Recent
4,1529.0,2,Loyal
1,211.5,264,Recent
4,2293.62,140,Loyal
1,143.1,201,Recent
4,1060.56,63,Moderate
4,916.98,35,Moderate
6,2917.96,40,Loyal
1,133.25,283,Recent
5,1072.36,9,Moderate
1,185.55,143,Recent
2,330.03000000000003,11,Moderate
3,571.71,145,Moderate
1,150.3,234,Recent
1,598.73,24,Moderate
1,471.4,11,Moderate
5,2211.21,35,Loyal
2,218.25,201,Recent
1,415.25,15,Moderate
1,85.0,212,Recent
3,1120.88,65,Moderate
1,156.02,212,Recent
1,162.3,282,Recent
2,1339.45,114,Moderate
8,1188.12,14,Loyal
1,449.12,66,Moderate
1,154.88,49,Moderate
4,775.96,16,Moderate
1,34.8,77,Moderate
4,1094.59,19,Moderate
1,196.88,134,Recent
3,946.64,12,Moderate
1,144.36,40,Moderate
6,2122.53,2,Loyal
6,2366.95,39,Loyal
1,79.2,304,Recent
3,458.57,51,Moderate
6,2364.25,10,Loyal
4,528.01,61,Moderate
2,714.42,65,Moderate
1,205.25,24,Moderate
2,155.8,218,Recent
2,583.75,65,Moderate
2,1086.92,31,Moderate
6,3279.9700000000003,88,Loyal
1,315.06,64,Moderate
3,621.83,115,Moderate
1,635.6800000000001,5,Moderate
1,270.8,68,Moderate
1,104.9,245,Recent
1,241.62,133,Recent
3,681.5600000000001,241,Recent
2,298.13,183,Recent
3,345.46000000000004,25,Moderate
3,2614.74,9,Loyal
1,246.3,10,Moderate
5,2328.9700000000003,32,Loyal
3,933.26,26,Moderate
1,218.75,10,Moderate
2,1612.69,43,Moderate
3,965.61,14,Moderate
1,610.01,149,Recent
8,2708.61,1,Loyal
4,2207.4,113,Loyal
3,884.14,75,Moderate
2,696.89,107,Moderate
3,1063.95,46,Moderate
1,451.42,142,Recent
1,415.8200000000001,51,Moderate
3,784.58,46,Moderate
3,903.9,50,Moderate
2,1469.82,306,Recent
5,515.77,36,Moderate
4,1391.98,78,Moderate
4,1779.82,22,Loyal
5,1801.14,107,Loyal
2,1303.91,207,Recent
4,1945.33,16,Loyal
5,2100.6,63,Loyal
4,1905.45,49,Loyal
1,206.98,319,Recent
2,570.96,44,Moderate
1,445.27,3,Moderate
1,532.94,172,Recent
3,1654.31,56,Moderate
12,1645.16,73,Loyal
2,636.14,99,Moderate
1,576.0,37,Moderate
3,794.64,58,Moderate
1,836.79,254,Recent
4,2225.15,70,Loyal
4,954.09,44,Moderate
1,137.37,50,Moderate
1,391.98,64,Moderate
3,1048.49,33,Moderate
2,355.56,58,Moderate
4,1224.06,72,Moderate
1,118.95,303,Recent
1,130.73999999999998,46,Moderate
2,389.27,38,Moderate
2,234.88,19,Moderate
2,160.71,186,Recent
1,110.8,51,Moderate
11,2739.02,4,Loyal
5,712.24,136,Moderate
1,297.0,18,Moderate
4,1043.64,15,Moderate
7,862.5,40,Loyal
8,3146.92,12,Loyal
3,478.65,8,Moderate
2,68.84,25,Moderate
6,1936.32,22,Loyal
3,895.13,40,Moderate
1,211.89,101,Moderate
12,3254.17,5,Loyal
2,149.64,277,Recent
1,351.44,32,Moderate
2,316.25,14,Moderate
2,490.33,1,Moderate
3,346.14,312,Recent
2,145.04000000000002,198,Recent
2,396.48,2,Moderate
3,379.35,92,Moderate
1,181.09,60,Moderate
1,168.31,80,Moderate
1,148.0,156,Recent
1,511.68,226,Recent
1,106.81,253,Recent
1,179.17,149,Recent
2,208.59,194,Recent
3,867.19,1,Moderate
1,337.28000000000003,23,Moderate
3,351.73,16,Moderate
1,164.68,8,Moderate
7,1567.69,19,Loyal
3,882.72,3,Moderate
1,191.94,173,Recent
8,1228.88,0,Loyal
2,264.62,178,Recent
6,1270.41,16,Loyal
1,123.1,247,Recent
2,334.23,190,Recent
1,311.61,19,Moderate
4,167.5,154,Recent
1,323.03000000000003,172,Recent
1,207.15,194,Recent
1,426.63,67,Moderate
8,2495.87,4,Loyal
3,1107.46,21,Moderate
2,416.86,239,Recent
1,145.35000000000002,64,Moderate
5,404.58,112,Moderate
1,35.8,311,Recent
1,337.44,133,Recent
1,325.1,276,Recent
1,1708.24,82,Moderate
2,955.24,8,Moderate
2,364.72,16,Moderate
3,1315.89,31,Moderate
2,708.22,8,Moderate
4,781.91,33,Moderate
7,1449.54,15,Loyal
1,428.89,31,Moderate
1,104.35,74,Moderate
2,470.76,19,Moderate
3,652.68,17,Moderate
2,397.68,23,Moderate
3,666.1,2,Moderate
1,314.1,303,Recent
7,3442.15,39,Loyal
1,371.01,84,Moderate
2,427.64,165,Recent
2,1054.73,17,Moderate
1,1098.78,77,Moderate
3,2398.86,88,Loyal
8,3408.48,24,Loyal
1,326.75,22,Moderate
9,2657.93,2,Loyal
2,1142.42,123,Moderate
1,168.12,30,Moderate
6,1319.29,12,Loyal
1,156.78,19,Moderate
2,792.11,44,Moderate
1,41.99,3,Moderate
7,2777.67,8,Loyal
1,414.27,54,Moderate
5,769.33,88,Moderate
4,2216.83,36,Loyal
4,1554.37,29,Loyal
4,578.71,12,Moderate
1,101.4,211,Recent
4,1693.81,47,Loyal
3,478.78,23,Moderate
4,972.11,22,Moderate
2,282.3,245,Recent
14,2954.36,8,Loyal
3,1415.29,35,Moderate
3,646.83,37,Moderate
3,704.55,3,Moderate
7,1102.49,3,Loyal
1,211.88,47,Moderate
2,408.9,39,Moderate
8,3567.14,46,Loyal
3,851.01,16,Moderate
1,602.63,260,Recent
3,719.81,46,Moderate
1,251.03,12,Moderate
1,439.66,29,Moderate
1,236.09,43,Moderate
6,934.62,91,Moderate
1,331.24,309,Recent
2,547.9,92,Moderate
3,437.7000000000001,196,Recent
2,758.9200000000001,87,Moderate
2,554.5600000000001,269,Recent
3,471.78,7,Moderate
3,1313.55,65,Moderate
3,3166.4,30,Loyal
5,1177.47,22,Moderate
4,773.99,37,Moderate
4,1340.7,119,Moderate
3,1074.81,40,Moderate
1,137.9,173,Recent
1,362.06,54,Moderate
2,1511.95,32,Moderate
1,783.9,145,Recent
1,134.8,220,Recent
1,650.75,45,Moderate
7,2263.12,16,Loyal
5,1334.91,65,Loyal
3,906.06,9,Moderate
1,335.32,260,Recent
5,1521.04,16,Loyal
2,852.15,22,Moderate
1,326.24,44,Moderate
1,584.3199999999999,288,Recent
1,122.4,297,Recent
10,2234.73,3,Loyal
1,79.2,283,Recent
3,1352.0,16,Moderate
2,217.16,81,Moderate
4,2641.82,56,Loyal
1,979.64,100,Moderate
1,436.18,299,Recent
5,981.51,23,Moderate
4,944.13,59,Moderate
2,315.06,154,Recent
3,817.86,114,Moderate
1,17.0,106,Moderate
4,1078.23,11,Moderate
1,320.62,264,Recent
1,185.05,240,Recent
6,1575.03,87,Loyal
3,731.9,50,Moderate
1,1290.7,70,Moderate
3,1842.14,42,Loyal
6,1429.64,7,Loyal
1,298.21,61,Moderate
1,336.96,248,Recent
1,108.38,65,Moderate
7,3204.1600000000003,17,Loyal
1,842.5,84,Moderate
2,611.88,218,Recent
3,1320.95,45,Moderate
4,195.74,143,Moderate
1,161.38,183,Recent
1,135.75000000000003,170,Recent
8,1660.88,9,Loyal
1,612.78,211,Recent
1,232.21,189,Recent
2,423.36,8,Moderate
4,1309.14,59,Moderate
2,854.66,57,Moderate
3,578.7,73,Moderate
1,307.78000000000003,51,Moderate
1,249.0,317,Recent
1,656.25,39,Moderate
5,1880.22,17,Loyal
6,3506.54,51,Loyal
1,334.56,21,Moderate
1,517.55,262,Recent
3,709.38,59,Moderate
3,635.4100000000001,18,Moderate
1,601.04,65,Moderate
1,620.4,88,Moderate
1,535.34,249,Recent
4,1613.59,3,Loyal
1,175.2,246,Recent
10,3496.71,8,Loyal
3,734.13,157,Recent
1,375.0,133,Recent
1,76.32000000000001,296,Recent
2,280.52,4,Moderate
4,1659.6,42,Loyal
1,1829.04,268,Recent
4,1609.22,49,Loyal
9,3092.04,8,Loyal
3,656.69,15,Moderate
1,348.2,281,Recent
2,1025.44,65,Moderate
1,37.4,252,Recent
1,415.00000000000006,232,Recent
3,822.48,17,Moderate
26,3511.8,10,Loyal
4,1822.97,8,Loyal
6,1885.05,50,Loyal
1,73.19999999999999,59,Moderate
5,1140.21,95,Moderate
6,1418.32,15,Loyal
3,1009.55,126,Moderate
4,1037.59,94,Moderate
1,331.95,50,Moderate
1,197.9,138,Recent
1,215.83,60,Moderate
1,305.54,73,Moderate
1,338.71000000000004,67,Moderate
6,1158.79,64,Loyal
2,529.41,16,Moderate
4,981.86,44,Moderate
2,215.48,15,Moderate
1,215.08,40,Moderate
1,314.45,236,Recent
1,400.681,75,Moderate
2,1068.87,4,Moderate
4,1863.47,3,Loyal
3,422.2,58,Moderate
1,384.18,23,Moderate
4,757.63,30,Moderate
4,537.0600000000001,54,Moderate
1,394.38,25,Moderate
2,664.26,44,Moderate
5,2262.62,88,Loyal
1,547.02,88,Moderate
2,690.34,19,Moderate
1,159.0,78,Moderate
3,1062.75,170,Recent
1,242.35,80,Moderate
1,914.93,267,Recent
2,304.25,235,Recent
6,2613.38,29,Loyal
2,694.12,36,Moderate
1,773.55,318,Recent
4,1295.3,57,Moderate
5,1096.32,44,Moderate
3,255.12,203,Recent
1,314.22,225,Recent
2,1010.6,87,Moderate
2,542.03,189,Recent
4,990.88,43,Moderate
2,389.28,71,Moderate
5,867.3100000000001,40,Moderate
1,432.2,78,Moderate
2,414.2,56,Moderate
12,2312.66,9,Loyal
2,409.1,33,Moderate
1,466.12,211,Recent
3,1413.66,23,Moderate
1,114.56,170,Recent
1,152.94,61,Moderate
5,1800.07,52,Loyal
1,163.3,261,Recent
7,2245.66,16,Loyal
1,752.4300000000001,266,Recent
1,46.95,176,Recent
1,1035.45,50,Moderate
4,728.54,17,Moderate
7,861.89,73,Loyal
2,667.65,71,Moderate
4,1271.42,2,Moderate
1,411.7,116,Moderate
1,559.87,196,Recent
1,810.6,176,Recent
1,566.38,100,Moderate
3,1502.78,21,Moderate
1,2062.06,72,Moderate
1,168.3,339,Recent
5,1570.81,5,Loyal
2,812.68,31,Moderate
1,142.5,169,Recent
1,302.25,121,Moderate
9,1870.24,21,Loyal
4,1328.55,9,Moderate
1,301.9,268,Recent
3,598.2,22,Moderate
1,233.22,126,Moderate
1,361.22,138,Recent
5,564.17,213,Recent
4,2560.0,37,Loyal
2,706.57,106,Moderate
2,616.26,17,Moderate
2,274.15000000000003,3,Moderate
1,226.37,330,Recent
7,2630.69,64,Loyal
3,1341.65,119,Moderate
1,328.15000000000003,35,Moderate
1,404.4,217,Recent
2,1038.46,172,Recent
5,373.65,72,Moderate
2,326.75,1,Moderate
1,207.50000000000003,196,Recent
3,408.59,128,Moderate
3,594.24,46,Moderate
14,3039.2200000000003,5,Loyal
5,3284.67,14,Loyal
3,251.91,17,Moderate
7,1582.8,28,Loyal
1,151.05,36,Moderate
1,214.8,157,Recent
1,94.05,284,Recent
1,534.31,107,Moderate
4,1971.87,24,Loyal
4,322.41,75,Moderate
2,328.58,16,Moderate
1,101.1,158,Recent
1,565.46,44,Moderate
2,847.45,11,Moderate
7,1415.65,32,Loyal
1,53.5,290,Recent
4,1116.47,21,Moderate
1,153.9,332,Recent
2,494.44,17,Moderate
2,395.8,63,Moderate
3,211.77,197,Recent
3,658.88,33,Moderate
4,2027.5,1,Loyal
9,1750.92,7,Loyal
6,3450.41,4,Loyal
4,891.21,9,Moderate
5,709.99,32,Moderate
1,109.36,53,Moderate
2,705.79,11,Moderate
7,1171.96,17,Loyal
1,327.3,18,Moderate
1,633.58,37,Moderate
2,479.91,2,Moderate
3,1545.41,18,Moderate
4,1301.91,82,Moderate
2,355.73,33,Moderate
2,466.73,66,Moderate
2,974.96,8,Moderate
1,676.2,267,Recent
3,362.95,247,Recent
4,2157.4,4,Loyal
1,1743.15,61,Moderate
2,643.76,74,Moderate
2,584.5,89,Moderate
2,407.66,60,Moderate
2,302.57,28,Moderate
1,94.36,322,Recent
4,1382.0700000000002,53,Moderate
1,217.89,269,Recent
11,2749.41,2,Loyal
5,1555.34,56,Loyal
5,1482.06,60,Loyal
2,1705.8,154,Moderate
2,408.02,19,Moderate
1,303.93,94,Moderate
1,87.8,264,Recent
1,177.5,312,Recent
1,443.05,70,Moderate
2,167.25,302,Recent
1,154.35,18,Moderate
10,2079.68,12,Loyal
5,2022.98,36,Loyal
1,83.15,19,Moderate
1,135.99,53,Moderate
1,262.2,56,Moderate
2,126.25,21,Moderate
1,200.27,44,Moderate
3,1051.4,26,Moderate
3,631.12,44,Moderate
6,958.71,112,Moderate
1,346.12,24,Moderate
1,133.56,191,Recent
1,302.7,302,Recent
10,1863.76,2,Loyal
2,241.06,263,Recent
1,284.55,106,Moderate
1,300.85,57,Moderate
3,623.28,213,Recent
1,287.40000000000003,64,Moderate
1,184.26,28,Moderate
7,1511.8,29,Loyal
5,798.35,5,Moderate
2,381.2,67,Moderate
2,462.24,1,Moderate
4,654.67,46,Moderate
1,230.51,33,Moderate
1,255.91,135,Recent
1,182.99,198,Recent
2,707.69,197,Recent
1,311.92,149,Recent
1,266.97,87,Moderate
2,6.9,44,Moderate
4,1309.2,63,Moderate
4,1370.78,99,Moderate
1,208.36,218,Recent
17,3288.84,2,Loyal
3,811.23,28,Moderate
1,142.92,177,Recent
3,136.0,73,Moderate
4,1422.4,21,Moderate
3,1298.66,19,Moderate
7,1595.96,33,Loyal
1,74.9,74,Moderate
4,625.42,23,Moderate
3,536.4300000000001,51,Moderate
1,223.95,274,Recent
3,316.11,164,Recent
7,1810.65,7,Loyal
4,544.3,88,Moderate
5,1950.06,63,Loyal
3,331.0,25,Moderate
2,300.83,10,Moderate
1,769.29,75,Moderate
1,220.62,15,Moderate
1,139.35,192,Recent
2,404.3,173,Recent
1,363.65,77,Moderate
3,498.8,33,Moderate
1,731.5,46,Moderate
4,1351.63,79,Moderate
1,826.53,296,Recent
3,648.26,3,Moderate
3,1599.52,8,Moderate
6,2965.69,49,Loyal
2,100.97,161,Recent
6,400.86,4,Moderate
3,943.84,106,Moderate
1,465.88,25,Moderate
1,777.6,31,Moderate
2,90.3,19,Moderate
1,363.7000000000001,296,Recent
3,918.33,21,Moderate
4,874.59,4,Moderate
5,1624.14,52,Loyal
1,101.7,30,Moderate
1,162.70000000000002,277,Recent
2,484.32,61,Moderate
1,111.38,25,Moderate
2,720.8100000000001,186,Recent
1,290.36,171,Recent
1,228.06,81,Moderate
1,244.41,3,Moderate
1,455.25,190,Recent
6,1151.77,22,Loyal
3,1082.81,19,Moderate
1,593.75,5,Moderate
1,548.12,110,Moderate
2,641.56,2,Moderate
1,119.62,53,Moderate
1,339.3,164,Recent
1,487.75,290,Recent
4,1744.31,108,Loyal
3,922.12,95,Moderate
1,284.44,242,Recent
3,837.1,42,Moderate
2,285.89,35,Moderate
6,3002.94,66,Loyal
2,281.85,24,Moderate
1,509.23,26,Moderate
2,511.12,5,Moderate
1,1077.74,53,Moderate
5,614.66,15,Moderate
2,865.6,194,Recent
1,124.2,3,Moderate
3,1421.69,26,Moderate
3,1009.6,127,Moderate
2,663.61,84,Moderate
1,451.44,71,Moderate
1,105.84,182,Recent
1,313.62,113,Moderate
2,936.08,80,Moderate
1,463.95,248,Recent
1,225.15,232,Recent
3,459.24,71,Moderate
1,213.5,68,Moderate
3,330.03,50,Moderate
1,181.09,75,Moderate
1,360.16,61,Moderate
1,129.5,15,Moderate
1,90.04,4,Moderate
1,145.05,285,Recent
6,813.52,4,Moderate
1,242.7,40,Moderate
1,528.08,36,Moderate
2,482.47,74,Moderate
12,2692.89,17,Loyal
1,75.66,219,Recent
1,129.49,186,Recent
4,1187.66,32,Moderate
1,618.59,70,Moderate
1,506.19,182,Recent
2,500.42,15,Moderate
1,151.85,235,Recent
5,2647.59,31,Loyal
1,226.21,263,Recent
2,178.96,3,Moderate
4,813.48,51,Moderate
1,129.45000000000002,245,Recent
2,810.57,80,Moderate
1,333.08,274,Recent
1,322.8,79,Moderate
5,2188.05,29,Loyal
2,408.63,73,Moderate
6,2883.1,17,Loyal
1,53.1,222,Recent
4,1154.47,32,Moderate
8,1609.92,22,Loyal
3,1257.51,31,Moderate
1,231.1,105,Moderate
2,688.33,4,Moderate
1,487.51,245,Recent
2,833.78,177,Recent
2,214.06,169,Recent
1,290.66,42,Moderate
1,518.42,71,Moderate
2,1212.66,16,Moderate
3,373.87,141,Moderate
4,874.43,9,Moderate
1,39.12,189,Recent
4,1267.65,16,Moderate
1,118.98,19,Moderate
2,567.1800000000001,68,Moderate
6,306.72,15,Moderate
3,1348.88,23,Moderate
3,1692.27,28,Moderate
2,304.24,54,Moderate
4,1592.12,33,Loyal
12,3109.99,2,Loyal
1,183.7,43,Moderate
6,1770.34,72,Loyal
5,1028.0,4,Moderate
2,324.24,61,Moderate
6,2608.75,47,Loyal
4,1260.86,1,Moderate
2,422.6,75,Moderate
2,225.58,72,Moderate
2,1276.0,256,Recent
2,477.86,68,Moderate
4,657.9,135,Moderate
1,112.75,241,Recent
2,1998.0,226,Recent
3,531.35,37,Moderate
1,656.63,45,Moderate
5,3029.87,84,Loyal
8,1948.07,19,Loyal
4,1436.83,3,Moderate
3,1129.06,218,Recent
1,301.72,78,Moderate
2,901.2,266,Recent
5,3535.83,23,Loyal
6,1339.49,14,Loyal
1,152.95,26,Moderate
1,292.47,262,Recent
2,576.4,91,Moderate
4,437.82,302,Recent
4,1229.17,26,Moderate
4,1048.28,46,Moderate
3,743.11,52,Moderate
1,603.75,31,Moderate
3,646.76,52,Moderate
5,2247.41,78,Loyal
1,417.6,53,Moderate
1,3.75,297,Recent
1,323.0,176,Recent
1,464.9,46,Moderate
6,1782.85,29,Loyal
7,1291.91,11,Loyal
2,836.0600000000001,37,Moderate
5,1515.9,17,Loyal
5,623.93,44,Moderate
1,1764.72,30,Moderate
1,223.92,58,Moderate
3,1475.43,114,Moderate
1,239.4,214,Recent
1,106.83,318,Recent
1,369.34,65,Moderate
3,789.79,7,Moderate
1,316.62,96,Moderate
3,1207.24,19,Moderate
1,611.8499999999999,198,Recent
13,2790.9500000000003,3,Loyal
1,34.0,294,Recent
2,1145.6,273,Recent
3,478.09,47,Moderate
1,361.54,260,Recent
3,494.9,57,Moderate
5,2242.61,33,Loyal
1,171.59,57,Moderate
4,661.52,67,Moderate
10,1459.61,10,Loyal
1,371.54,60,Moderate
2,222.62,80,Moderate
2,245.94,74,Moderate
2,422.24,100,Moderate
11,1701.91,10,Loyal
1,107.6,19,Moderate
2,594.39,123,Moderate
1,80.80000000000001,8,Moderate
6,1545.62,3,Loyal
7,1705.78,29,Loyal
2,110.38,282,Recent
1,243.84,57,Moderate
10,1196.5,1,Loyal
1,305.62,89,Moderate
1,1162.65,11,Moderate
4,1594.23,163,Moderate
1,332.3,65,Moderate
3,536.99,23,Moderate
1,245.82,173,Recent
4,762.16,103,Moderate
3,1121.59,142,Moderate
2,288.42,99,Moderate
5,914.69,23,Moderate
1,309.54,192,Recent
2,547.07,4,Moderate
10,1652.18,8,Loyal
3,341.28000000000003,103,Moderate
7,1237.45,2,Loyal
11,3349.57,10,Loyal
1,497.61,95,Moderate
1,358.38,227,Recent
2,460.64,15,Moderate
2,775.18,38,Moderate
1,341.7,51,Moderate
2,128.5,93,Moderate
1,197.22,156,Recent
1,325.91,38,Moderate
3,199.15,184,Recent
4,1106.53,1,Moderate
1,413.46,227,Recent
1,99.1,128,Recent
2,251.87,39,Moderate
11,3170.98,31,Loyal
2,588.85,197,Recent
6,1869.82,36,Loyal
3,1264.19,100,Moderate
1,214.32,50,Moderate
1,193.44,43,Moderate
1,281.42,52,Moderate
1,124.57,186,Recent
1,332.41,333,Recent
3,342.45,4,Moderate
2,144.91,10,Moderate
2,328.40000000000003,23,Moderate
1,35.400000000000006,14,Moderate
2,747.81,144,Moderate
2,173.76,59,Moderate
1,338.55,31,Moderate
3,207.74,140,Moderate
4,817.12,22,Moderate
6,2812.34,22,Loyal
3,680.02,77,Moderate
5,2095.53,67,Loyal
6,846.62,12,Moderate
1,13.3,84,Moderate
7,1491.43,30,Loyal
1,432.0,66,Moderate
3,705.12,66,Moderate
1,144.45,187,Recent
2,429.84,37,Moderate
2,272.46,15,Moderate
1,192.33,35,Moderate
3,1578.67,194,Recent
4,525.17,1,Moderate
5,518.19,1,Moderate
1,202.27,64,Moderate
2,289.78,299,Recent
2,388.95,26,Moderate
5,1100.51,7,Moderate
3,887.11,16,Moderate
1,1706.88,116,Moderate
1,363.2,29,Moderate
14,3315.05,4,Loyal
6,2783.2,5,Loyal
4,559.59,81,Moderate
4,748.84,29,Moderate
1,379.14,72,Moderate
8,1508.96,4,Loyal
11,2555.58,28,Loyal
1,113.44,290,Recent
1,183.76,36,Moderate
6,621.6800000000001,9,Moderate
1,365.98,23,Moderate
1,391.52,276,Recent
6,1068.82,49,Loyal
9,2052.24,156,Loyal
1,154.18,61,Moderate
3,829.89,21,Moderate
2,324.95,115,Moderate
16,2698.45,80,Loyal
7,1295.39,3,Loyal
3,378.89,26,Moderate
1,150.23000000000002,53,Moderate
2,563.23,1,Moderate
2,931.03,54,Moderate
1,261.9,25,Moderate
4,2711.6800000000003,8,Loyal
3,3049.88,52,Loyal
9,1904.99,12,Loyal
3,816.73,211,Recent
1,406.48,235,Recent
3,435.02,138,Moderate
6,1286.27,3,Loyal
2,1006.56,56,Moderate
3,1277.75,134,Moderate
2,167.61,109,Moderate
1,20.8,30,Moderate
8,1738.28,0,Loyal
2,329.57,184,Recent
1,308.74,17,Moderate
2,416.64,239,Recent
1,117.35,87,Moderate
3,507.05,38,Moderate
1,234.17,116,Moderate
1,110.55,187,Recent
1,201.19,226,Recent
7,2154.97,8,Loyal
1,319.02,189,Recent
2,439.43,4,Moderate
3,650.41,39,Moderate
1,357.21,38,Moderate
1,251.52,267,Recent
1,344.33,77,Moderate
6,1852.0,3,Loyal
2,1028.46,255,Recent
1,384.06,60,Moderate
6,1742.38,12,Loyal
2,1873.2,29,Moderate
7,1616.8,3,Loyal
1,126.12,5,Moderate
6,1133.25,7,Loyal
1,179.0,218,Recent
5,1614.31,10,Loyal
4,1329.42,30,Moderate
3,702.0,288,Recent
4,295.0,149,Recent
2,484.82,23,Moderate
3,1493.73,85,Moderate
2,1312.14,46,Moderate
4,781.78,4,Moderate
4,682.8100000000001,50,Moderate
1,195.36,18,Moderate
1,270.9,30,Moderate
3,583.4300000000001,8,Moderate
3,1838.61,28,Loyal
2,920.1,40,Moderate
3,899.26,11,Moderate
1,71.0,31,Moderate
3,95.85,45,Moderate
1,196.8,60,Moderate
1,121.68,185,Recent
6,877.5600000000001,78,Moderate
2,716.0,110,Moderate
1,146.87,63,Moderate
2,380.35,11,Moderate
2,722.34,86,Moderate
3,745.52,16,Moderate
2,433.53,245,Recent
1,1267.32,87,Moderate
1,112.4,30,Moderate
1,449.73,137,Recent
2,766.99,26,Moderate
5,1036.58,2,Moderate
4,1735.18,32,Loyal
1,948.48,25,Moderate
3,339.44,113,Moderate
1,642.02,157,Recent
3,1100.9,85,Moderate
3,925.35,117,Moderate
6,3185.64,96,Loyal
1,240.89,194,Recent
1,399.09,28,Moderate
1,498.48,130,Moderate
5,1356.33,28,Loyal
3,1179.89,81,Moderate
4,2358.03,29,Loyal
1,234.24,266,Recent
1,102.64,313,Recent
7,1461.14,21,Loyal
3,855.45,58,Moderate
7,2126.5,28,Loyal
1,304.24,114,Moderate
9,2429.03,28,Loyal
4,1446.09,17,Moderate
4,834.12,17,Moderate
2,689.5799999999999,36,Moderate
2,378.2,36,Moderate
1,118.8,78,Moderate
2,287.62,22,Moderate
2,288.91,25,Moderate
2,2003.85,33,Moderate
3,1405.78,109,Moderate
2,2747.99,35,Loyal
3,826.21,123,Moderate
6,2050.08,7,Loyal
4,1991.01,28,Loyal
6,1913.45,4,Loyal
8,3534.31,2,Loyal
4,1774.03,50,Loyal
1,302.0,322,Recent
3,1324.16,22,Moderate
4,1022.13,15,Moderate
7,779.7,2,Loyal
2,971.74,18,Moderate
4,1621.73,10,Loyal
1,25.5,261,Recent
2,665.78,159,Recent
6,881.29,29,Moderate
1,163.29999999999998,165,Recent
1,231.61,47,Moderate
8,801.12,5,Loyal
3,837.5,8,Moderate
1,116.2,288,Recent
1,157.02,317,Recent
2,606.91,3,Moderate
1,307.46,233,Recent
1,138.32,119,Moderate
1,345.3,161,Recent
1,294.24,185,Recent
1,230.5,50,Moderate
4,787.5,152,Moderate
1,157.09,334,Recent
5,2463.17,5,Loyal
2,413.2,106,Moderate
6,924.15,16,Moderate
1,380.5,275,Recent
1,454.12,247,Recent
1,579.0,239,Recent
2,984.57,1,Moderate
2,451.53,105,Moderate
4,1714.59,22,Loyal
1,124.88,51,Moderate
3,1689.5,194,Recent
1,213.78,24,Moderate
1,329.34,75,Moderate
2,251.7,17,Moderate
2,319.0,7,Moderate
2,853.1800000000001,32,Moderate
3,1538.88,21,Moderate
6,3518.03,31,Loyal
10,1715.46,28,Loyal
2,293.1,21,Moderate
7,2467.35,32,Loyal
1,158.68,284,Recent
2,206.34,38,Moderate
2,835.78,57,Moderate
1,224.91,289,Recent
1,317.76,78,Moderate
1,59.9,217,Recent
4,1443.69,44,Moderate
1,306.13,201,Recent
2,468.79,178,Recent
4,783.97,56,Moderate
1,84.39999999999999,57,Moderate
6,3347.31,7,Loyal
2,144.0,46,Moderate
1,203.95,226,Recent
6,1960.59,11,Loyal
1,157.18,106,Moderate
2,444.74,58,Moderate
4,1583.57,28,Loyal
7,1699.3,35,Loyal
1,10.0,273,Recent
1,1013.01,29,Moderate
1,170.56,23,Moderate
1,289.78000000000003,53,Moderate
6,3560.08,35,Loyal
4,1564.56,175,Recent
1,384.08,53,Moderate
1,204.24,53,Moderate
5,1537.51,26,Loyal
1,226.85,253,Recent
5,2165.38,40,Loyal
5,888.07,60,Moderate
1,113.5,234,Recent
7,1350.69,4,Loyal
1,114.23,31,Moderate
13,2870.05,24,Loyal
2,334.48,7,Moderate
1,328.65,65,Moderate
1,124.05,310,Recent
1,393.49,308,Recent
5,797.07,18,Moderate
6,1550.14,15,Loyal
2,318.76,96,Moderate
2,878.4,264,Recent
9,2892.71,12,Loyal
2,417.77,2,Moderate
1,190.88,35,Moderate
1,149.89,182,Recent
1,208.16,25,Moderate
5,789.85,12,Moderate
2,314.69,11,Moderate
15,3349.01,2,Loyal
1,382.5,312,Recent
2,1135.04,108,Moderate
1,954.9,53,Moderate
1,171.45000000000002,204,Recent
1,280.09000000000003,15,Moderate
1,318.65,120,Moderate
2,381.97,3,Moderate
2,348.91,116,Moderate
1,178.26,18,Moderate
2,271.19,4,Moderate
2,291.48,40,Moderate
2,240.0,107,Moderate
1,213.28,148,Recent
4,984.5,52,Moderate
1,63.440000000000005,208,Recent
2,550.01,138,Moderate
3,296.58,2,Moderate
2,317.2,127,Moderate
4,763.64,107,Moderate
4,2148.63,42,Loyal
1,107.82,35,Moderate
2,1065.35,227,Recent
1,246.04,241,Recent
1,187.83,57,Moderate
3,1685.46,130,Moderate
6,1647.48,60,Loyal
1,151.37,21,Moderate
5,826.36,26,Moderate
6,1284.07,9,Loyal
3,931.02,31,Moderate
2,513.01,3,Moderate
1,550.8000000000001,308,Recent
8,1507.92,8,Loyal
3,547.0,28,Moderate
1,128.18,17,Moderate
2,498.42,101,Moderate
4,656.61,11,Moderate
1,163.24,21,Moderate
5,1135.63,14,Moderate
1,82.75,95,Moderate
2,1384.85,78,Moderate
3,644.3,138,Moderate
1,2328.84,31,Moderate
8,2527.92,24,Loyal
3,2600.34,46,Loyal
2,749.7,100,Moderate
2,657.16,8,Moderate
7,906.52,15,Loyal
3,859.43,17,Moderate
1,96.8,280,Recent
2,523.11,14,Moderate
2,363.9,22,Moderate
1,175.2,123,Moderate
1,494.25,85,Moderate
2,307.02000000000004,302,Recent
4,1981.06,151,Loyal
1,183.36,94,Moderate
2,265.68,156,Recent
1,157.62,46,Moderate
4,519.6899999999999,15,Moderate
13,2387.54,3,Loyal
1,228.96,86,Moderate
5,1156.6,14,Moderate
1,98.25,179,Recent
4,1281.32,8,Moderate
3,587.15,36,Moderate
2,1740.0,129,Moderate
1,1393.06,50,Moderate
1,178.22,311,Recent
2,384.39,24,Moderate
1,119.15,303,Recent
1,127.86,11,Moderate
3,568.24,17,Moderate
3,488.2,49,Moderate
2,312.23,239,Recent
1,167.55,238,Recent
8,1878.87,23,Loyal
4,446.18,72,Moderate
2,326.26,17,Moderate
6,970.65,40,Loyal
4,646.92,40,Moderate
2,495.77,218,Recent
2,290.39,199,Recent
2,203.2,70,Moderate
17,3273.24,23,Loyal
1,389.72,11,Moderate
1,65.4,65,Moderate
1,193.39,4,Moderate
2,336.4,19,Moderate
1,256.11,14,Moderate
6,2686.42,7,Loyal
2,746.81,19,Moderate
4,1259.56,77,Moderate
2,508.8,163,Recent
1,145.5,306,Recent
1,203.87,219,Recent
2,681.41,22,Moderate
3,653.38,114,Moderate
4,1673.67,126,Loyal
11,2173.88,4,Loyal
1,263.92,36,Moderate
3,1031.41,1,Moderate
2,1482.32,333,Recent
1,32.65,163,Recent
2,771.85,184,Recent
5,1214.72,16,Moderate
3,778.94,12,Moderate
5,810.3,2,Moderate
2,778.0,43,Moderate
1,507.84,79,Moderate
2,463.46,42,Moderate
2,467.98,50,Moderate
6,1979.37,16,Loyal
2,698.41,46,Moderate
2,759.1700000000001,19,Moderate
1,100.8,71,Moderate
3,524.9200000000001,128,Moderate
1,153.16,32,Moderate
1,403.3,313,Recent
2,365.76,18,Moderate
1,303.16,88,Moderate
7,2373.82,2,Loyal
2,216.3,1,Moderate
1,388.4500000000001,253,Recent
3,186.42,156,Recent
6,2248.56,36,Loyal
1,534.24,219,Recent
3,2940.04,147,Loyal
2,120.9,176,Recent
2,541.53,40,Moderate
6,1834.95,2,Loyal
7,1721.4,1,Loyal
2,486.72,17,Moderate
3,351.68,192,Recent
1,131.7,203,Recent
5,1737.7,126,Loyal
1,316.5,15,Moderate
2,657.3,43,Moderate
4,552.13,94,Moderate
3,735.82,22,Moderate
2,675.69,60,Moderate
5,1875.86,16,Loyal
1,289.96000000000004,158,Recent
2,763.28,10,Moderate
2,137.0,10,Moderate
5,1870.97,16,Loyal
4,946.67,44,Moderate
3,697.54,191,Recent
1,194.37,79,Moderate
1,511.82,77,Moderate
4,1255.59,3,Moderate
3,414.04,65,Moderate
1,396.87,261,Recent
2,376.64,58,Moderate
7,2092.32,0,Loyal
9,3231.4700000000003,1,Loyal
1,374.57,248,Recent
2,497.56,7,Moderate
1,272.22,75,Moderate
1,622.88,289,Recent
3,1138.0,17,Moderate
2,288.6,220,Recent
4,689.1,9,Moderate
2,558.96,2,Moderate
9,2997.03,206,Loyal
2,1145.84,161,Recent
1,302.2,75,Moderate
2,605.58,261,Recent
1,387.31,280,Recent
1,308.48,24,Moderate
10,2924.99,28,Loyal
1,513.2,72,Moderate
1,208.65,128,Moderate
4,639.02,31,Moderate
5,764.88,15,Moderate
1,153.94,308,Recent
5,1508.72,17,Loyal
1,546.81,53,Moderate
3,723.21,29,Moderate
5,1070.71,1,Moderate
4,652.74,11,Moderate
2,957.3,4,Moderate
4,939.37,53,Moderate
9,2066.48,1,Loyal
1,296.7,190,Recent
1,223.36,53,Moderate
1,164.4,280,Recent
1,76.5,177,Recent
2,887.6700000000001,29,Moderate
1,98.42,25,Moderate
2,578.9,24,Moderate
1,170.75,269,Recent
3,642.32,43,Moderate
1,103.3,233,Recent
2,148.86,23,Moderate
3,267.16,197,Recent
2,631.89,60,Moderate
1,1487.6,129,Moderate
5,1952.45,1,Loyal
2,480.31,19,Moderate
1,157.9,205,Recent
3,541.46,14,Moderate
4,854.95,94,Moderate
1,165.12,19,Moderate
7,1122.38,14,Loyal
3,454.01,24,Moderate
2,869.77,8,Moderate
1,344.14,332,Recent
4,1425.67,50,Moderate
3,155.95000000000002,71,Moderate
3,380.6,29,Moderate
1,185.65,242,Recent
17,3267.83,8,Loyal
1,143.45999999999998,218,Recent
3,448.9,4,Moderate
2,168.87,252,Recent
1,175.27,236,Recent
2,1242.3,7,Moderate
4,1116.68,109,Moderate
3,1240.2,100,Moderate
4,2404.17,60,Loyal
3,1468.02,2,Moderate
6,1819.37,73,Loyal
4,3260.96,3,Loyal
2,993.18,85,Moderate
2,386.69,12,Moderate
6,2415.72,23,Loyal
1,2044.37,213,Recent
1,161.67000000000002,17,Moderate
1,116.01,239,Recent
1,394.72,78,Moderate
2,309.36,217,Recent
2,191.99,33,Moderate
5,1105.78,40,Moderate
6,2048.45,53,Loyal
1,386.32,57,Moderate
3,329.6,130,Moderate
2,244.8,173,Recent
2,651.3,5,Moderate
1,214.37,312,Recent
1,81.44,59,Moderate
2,1140.5,21,Moderate
1,527.05,32,Moderate
2,843.48,14,Moderate
4,2020.4,18,Loyal
1,75.75,81,Moderate
7,1575.47,5,Loyal
2,503.6,169,Recent
3,528.33,1,Moderate
4,1324.84,31,Moderate
9,2358.59,36,Loyal
1,285.56,19,Moderate
2,547.0600000000001,31,Moderate
1,108.5,276,Recent
1,621.66,86,Moderate
2,712.29,119,Moderate
11,2895.64,1,Loyal
2,757.39,219,Recent
1,133.06,65,Moderate
4,1797.5,60,Loyal
1,868.49,138,Moderate
1,166.07999999999998,21,Moderate
4,1207.56,36,Moderate
1,117.55,277,Recent
6,1962.84,10,Loyal
5,1674.69,73,Loyal
2,595.42,25,Moderate
10,2639.51,17,Loyal
1,178.75,141,Recent
7,1802.91,25,Loyal
2,604.64,18,Moderate
2,728.16,3,Moderate
5,2055.51,66,Loyal
2,347.75,1,Moderate
7,3406.7200000000003,42,Loyal
1,205.7,227,Recent
3,1178.53,15,Moderate
2,3178.17,50,Loyal
6,1594.97,1,Loyal
1,250.38,74,Moderate
5,1070.48,4,Moderate
1,298.11,263,Recent
2,1992.11,52,Moderate
1,184.4,23,Moderate
5,2082.83,10,Loyal
1,239.41,43,Moderate
5,2692.81,16,Loyal
3,397.68,127,Moderate
1,200.47,137,Recent
1,283.12,141,Recent
2,765.34,131,Moderate
6,2110.11,38,Loyal
1,338.95,236,Recent
1,154.95,260,Recent
4,2534.64,16,Loyal
1,417.95,252,Recent
4,1824.37,30,Loyal
3,798.74,35,Moderate
2,885.19,168,Recent
9,1823.52,3,Loyal
2,152.4,185,Recent
2,263.33,187,Recent
1,137.45,169,Recent
2,385.1,10,Moderate
1,522.91,44,Moderate
1,153.0,320,Recent
1,326.4,200,Recent
1,139.35,232,Recent
3,1093.94,26,Moderate
3,1513.9,96,Moderate
6,3276.4000000000005,127,Loyal
3,1033.0,71,Moderate
11,3439.08,16,Loyal
1,1060.25,15,Moderate
3,2876.01,3,Loyal
4,1240.11,79,Moderate
2,692.19,38,Moderate
3,700.63,53,Moderate
3,377.44,9,Moderate
2,168.24,9,Moderate
4,1879.05,19,Loyal
6,2431.29,11,Loyal
2,355.11,113,Moderate
5,1944.88,3,Loyal
1,110.25,240,Recent
1,71.4,112,Moderate
2,674.52,178,Recent
9,1710.45,5,Loyal
5,1664.65,0,Loyal
8,3408.2,19,Loyal
3,819.96,17,Moderate
1,115.05,21,Moderate
1,712.78,32,Moderate
1,15.0,263,Recent
2,772.55,50,Moderate
3,367.63,158,Recent
1,271.2,15,Moderate
3,2081.9,8,Loyal
5,1143.27,198,Recent
2,245.81,56,Moderate
2,173.45,10,Moderate
4,1213.73,96,Moderate
1,56.4,254,Recent
3,647.56,24,Moderate
3,650.32,21,Moderate
2,188.02,159,Recent
2,283.47,72,Moderate
1,131.94,53,Moderate
2,266.85,85,Moderate
3,1081.26,152,Moderate
2,1117.9,73,Moderate
1,225.9,281,Recent
9,1564.75,26,Loyal
1,106.1,29,Moderate
1,300.34,25,Moderate
2,342.83,179,Recent
3,575.35,40,Moderate
3,780.43,22,Moderate
9,2815.69,22,Loyal
9,1187.21,37,Loyal
2,1184.84,82,Moderate
1,512.31,73,Moderate
1,546.04,11,Moderate
3,506.51,12,Moderate
5,1698.07,14,Loyal
3,20.35,36,Moderate
3,387.68,4,Moderate
5,2724.75,71,Loyal
1,298.4,51,Moderate
2,716.37,5,Moderate
4,1820.09,22,Loyal
1,889.24,298,Recent
3,398.7,1,Moderate
1,35.400000000000006,33,Moderate
1,155.37,49,Moderate
3,342.24,2,Moderate
1,110.21,47,Moderate
8,1541.23,42,Loyal
3,1817.94,26,Loyal
1,318.15,42,Moderate
1,205.48,303,Recent
1,51.56,106,Moderate
1,2033.1,85,Moderate
8,803.9,81,Loyal
4,605.8000000000001,218,Recent
2,114.34,11,Moderate
2,311.26,185,Recent
4,1418.03,1,Moderate
1,141.92,304,Recent
8,2097.88,3,Loyal
1,330.9,323,Recent
5,2775.28,59,Loyal
3,554.85,12,Moderate
1,329.65000000000003,142,Recent
6,1157.87,30,Loyal
4,213.86,107,Moderate
11,1539.49,2,Loyal
1,155.9,204,Recent
4,1644.01,80,Loyal
6,683.46,185,Recent
1,237.61,170,Recent
1,379.45,43,Moderate
1,178.52,173,Recent
1,133.35,304,Recent
4,664.34,3,Moderate
2,372.55,3,Moderate
1,156.34,12,Moderate
3,869.28,31,Moderate
1,111.35,129,Recent
7,686.5699999999999,21,Loyal
2,201.37,212,Recent
1,123.88,322,Recent
1,203.86,162,Recent
3,244.1,56,Moderate
1,107.21,225,Recent
4,603.96,71,Moderate
1,95.45,44,Moderate
1,256.32,23,Moderate
1,131.14,172,Recent
2,152.06,85,Moderate
1,154.55,159,Recent
2,112.2,190,Recent
1,110.38,29,Moderate
1,181.07,21,Moderate
2,406.09,71,Moderate
1,72.9,247,Recent
1,366.23,9,Moderate
1,21.6,310,Recent
1,190.6,58,Moderate
1,329.36,3,Moderate
2,227.87,45,Moderate
1,1304.04,88,Moderate
15,3444.54,4,Loyal
4,820.23,64,Moderate
1,207.50000000000003,282,Recent
6,2683.5,11,Loyal
2,397.29,133,Moderate
2,212.54,45,Moderate
4,843.0,11,Moderate
5,1740.48,35,Loyal
2,408.36,134,Moderate
3,1331.57,29,Moderate
2,704.25,51,Moderate
2,145.79,138,Recent
1,380.13,5,Moderate
5,2147.34,8,Loyal
1,99.14,159,Recent
1,304.56,130,Moderate
1,77.50000000000001,7,Moderate
2,149.57999999999998,233,Recent
1,176.68,37,Moderate
1,358.56000000000006,147,Recent
1,219.03,72,Moderate
1,599.0400000000001,39,Moderate
10,2185.45,5,Loyal
4,557.3,198,Recent
1,12.75,249,Recent
1,111.68,66,Moderate
1,508.46,116,Moderate
1,73.78,171,Recent
36,726.69,21,Loyal
1,102.41,142,Recent
1,201.45,31,Moderate
12,2448.64,37,Loyal
5,1098.43,37,Moderate
1,103.0,166,Recent
1,562.79,211,Recent
1,135.19,241,Recent
1,337.04,51,Moderate
3,703.99,24,Moderate
1,288.14,29,Moderate
4,732.41,35,Moderate
2,516.25,165,Recent
1,152.68,145,Recent
1,631.35,22,Moderate
1,20.8,56,Moderate
1,198.57,185,Recent
7,201.12,11,Moderate
1,314.84000000000003,236,Recent
2,93.35,225,Recent
4,674.89,121,Moderate
1,76.1,281,Recent
8,1962.46,74,Loyal
1,190.05,37,Moderate
2,415.13,12,Moderate
2,226.47,3,Moderate
1,444.68,23,Moderate
9,2116.19,70,Loyal
1,247.39,235,Recent
1,174.8,256,Recent
2,187.29,155,Recent
1,162.22,28,Moderate
1,120.03,4,Moderate
4,1321.01,32,Moderate
3,523.0,81,Moderate
2,122.14,108,Moderate
1,38.45,51,Moderate
1,612.72,35,Moderate
2,389.78,152,Recent
1,115.31,98,Moderate
2,230.65,4,Moderate
1,73.5,334,Recent
1,93.82,65,Moderate
2,418.68,21,Moderate
3,713.89,35,Moderate
3,403.12,32,Moderate
5,38.72,154,Recent
2,357.20000000000005,19,Moderate
18,3482.48,11,Loyal
1,165.04999999999998,53,Moderate
2,241.38,24,Moderate
9,2014.35,4,Loyal
1,178.34,45,Moderate
2,172.29000000000002,203,Recent
1,300.02,70,Moderate
1,363.65,288,Recent
1,170.16,9,Moderate
3,306.46,23,Moderate
9,1714.25,21,Loyal
3,720.52,173,Recent
2,814.0,133,Moderate
12,2047.81,5,Loyal
1,318.0,75,Moderate
1,396.33,40,Moderate
1,101.7,289,Recent
5,2009.24,26,Loyal
1,194.05,257,Recent
1,247.44,185,Recent
9,2412.8,23,Loyal
9,2188.08,8,Loyal
2,336.13,217,Recent
2,1231.5,18,Moderate
3,343.45,36,Moderate
1,680.84,25,Moderate
1,90.48,16,Moderate
1,386.05,330,Recent
1,101.34,274,Recent
1,166.03,61,Moderate
4,2106.52,93,Loyal
7,3017.3,81,Loyal
2,580.05,312,Recent
3,849.06,11,Moderate
5,2479.88,7,Loyal
1,168.31,127,Moderate
2,222.4,11,Moderate
1,754.64,37,Moderate
1,113.48000000000002,37,Moderate
1,421.9,329,Recent
1,271.0,254,Recent
1,198.8,19,Moderate
2,352.69,12,Moderate
1,220.1,290,Recent
5,741.74,67,Moderate
1,315.65,25,Moderate
1,111.15,214,Recent
2,653.3000000000001,149,Recent
6,1793.06,8,Loyal
2,574.4399999999999,24,Moderate
4,1131.75,29,Moderate
1,200.92,60,Moderate
3,347.08,19,Moderate
1,112.55,243,Recent
3,1059.39,15,Moderate
1,931.5,212,Recent
5,681.91,29,Moderate
3,784.33,63,Moderate
1,152.65,295,Recent
2,1019.52,157,Recent
2,1000.16,116,Moderate
10,2386.1,7,Loyal
4,2861.55,12,Loyal
2,160.35,140,Recent
2,179.34,45,Moderate
3,612.0799999999999,50,Moderate
3,566.58,32,Moderate
2,653.35,134,Moderate
2,399.19,3,Moderate
3,371.62,75,Moderate
1,488.76,12,Moderate
2,453.4,9,Moderate
1,530.15,301,Recent
2,638.0600000000001,57,Moderate
5,1618.69,15,Loyal
1,399.65,37,Moderate
1,302.46,177,Recent
3,1384.86,23,Moderate
4,710.1,176,Recent
1,202.65,60,Moderate
3,980.31,33,Moderate
5,1231.31,58,Moderate
4,2106.84,86,Loyal
1,104.0,7,Moderate
6,1340.87,31,Loyal
3,1290.16,128,Moderate
6,1793.17,9,Loyal
6,1843.75,4,Loyal
1,366.85,24,Moderate
2,632.07,227,Recent
1,49.8,15,Moderate
1,304.25,249,Recent
3,2001.04,15,Loyal
2,1090.24,77,Moderate
2,284.46000000000004,192,Recent
1,207.8,261,Recent
1,957.97,71,Moderate
1,243.76,165,Recent
1,973.84,82,Moderate
2,686.63,95,Moderate
1,150.35,106,Moderate
3,1396.99,199,Recent
1,160.42000000000002,157,Recent
3,1975.35,71,Loyal
2,517.36,36,Moderate
1,139.10000000000002,28,Moderate
6,2621.38,1,Loyal
5,600.07,25,Moderate
1,216.07,326,Recent
1,232.48,236,Recent
1,299.34000000000003,89,Moderate
1,481.75,31,Moderate
2,621.75,29,Moderate
2,641.92,211,Recent
8,1679.71,2,Loyal
1,305.28,226,Recent
5,1041.61,22,Moderate
1,443.0,92,Moderate
1,158.95000000000002,263,Recent
1,93.75,217,Recent
2,779.9,56,Moderate
7,2810.2000000000003,9,Loyal
5,2071.77,192,Loyal
4,592.97,81,Moderate
1,440.0,325,Recent
3,1796.48,71,Moderate
6,882.24,29,Moderate
5,987.1,2,Moderate
4,1123.51,218,Recent
1,422.58,46,Moderate
17,2073.09,9,Loyal
4,2232.49,72,Loyal
6,2201.33,7,Loyal
2,596.1,23,Moderate
2,804.02,122,Moderate
1,95.34,17,Moderate
1,349.27,310,Recent
2,518.27,50,Moderate
1,103.3,89,Moderate
8,2337.63,39,Loyal
2,1962.3,24,Moderate
5,2397.65,172,Loyal
2,324.24,43,Moderate
1,149.48,140,Recent
3,1213.16,25,Moderate
2,801.51,72,Moderate
1,25.5,134,Recent
2,283.15000000000003,38,Moderate
6,3078.58,2,Loyal
3,204.0,2,Moderate
1,175.92,30,Moderate
1,335.86,43,Moderate
1,110.38,58,Moderate
1,173.9,73,Moderate
1,180.6,277,Recent
1,80.82,180,Recent
2,178.05,7,Moderate
16,2045.53,3,Loyal
3,1837.28,42,Loyal
10,5226.2300000000005,3,VIPs
21,124914.53,24,VIPs
9,7956.46,25,VIPs
13,5713.5,35,VIPs
18,4951.41,1,VIPs
26,15949.69,2,VIPs
18,7324.09,17,VIPs
10,6803.97,15,VIPs
10,5417.93,5,VIPs
11,4257.82,23,VIPs
16,12519.23,19,VIPs
10,3692.28,8,VIPs
32,4124.6900000000005,2,VIPs
14,6425.52,2,VIPs
9,3641.24,16,VIPs
18,12306.02,1,VIPs
9,6620.4800000000005,23,VIPs
10,3588.3,0,VIPs
9,4881.88,8,VIPs
10,17407.18,42,VIPs
20,11669.43,14,VIPs
29,11204.53,3,VIPs
13,7413.49,4,VIPs
13,8390.83,15,VIPs
11,3925.5,28,VIPs
23,5124.6,2,VIPs
11,17824.01,23,VIPs
174,28868.19,0,VIPs
13,7834.650000000001,15,VIPs
12,4853.97,2,VIPs
28,17654.54,8,VIPs
35,15899.29,9,VIPs
13,41878.96,21,VIPs
11,4757.16,1,VIPs
81,10753.72,3,VIPs
14,6721.61,3,VIPs
13,9785.97,4,VIPs
17,5298.9,11,VIPs
28,7277.7,16,VIPs
13,4636.99,14,VIPs
20,3787.32,0,VIPs
24,11746.78,3,VIPs
9,25970.6,11,VIPs
9,3613.63,126,VIPs
89,52808.87,2,VIPs
11,7902.42,8,VIPs
9,5698.32,32,VIPs
28,28882.44,1,VIPs
22,5750.17,1,VIPs
23,11872.99,0,VIPs
10,5015.47,26,VIPs
9,3957.78,7,VIPs
36,9105.32,3,VIPs
35,7436.93,1,VIPs
12,3834.26,11,VIPs
17,3899.19,2,VIPs
13,4681.11,1,VIPs
22,9294.47,5,VIPs
9,6471.85,36,VIPs
57,25085.84,1,VIPs
13,4547.81,11,VIPs
13,8460.710000000001,7,VIPs
33,4793.97,1,VIPs
12,7586.39,17,VIPs
23,5586.88,2,VIPs
12,3740.07,66,VIPs
17,6368.1900000000005,10,VIPs
19,4797.08,1,VIPs
11,7792.36,23,VIPs
20,6132.17,2,VIPs
48,62142.58,3,VIPs
13,6307.650000000001,3,VIPs
11,4185.12,2,VIPs
31,14781.0,2,VIPs
23,19015.38,0,VIPs
55,32983.19,1,VIPs
23,7500.08,8,VIPs
13,6403.25,22,VIPs
20,17159.52,3,VIPs
17,8706.58,7,VIPs
15,7060.13,4,VIPs
11,3599.71,10,VIPs
16,14717.91,7,VIPs
20,13782.23,0,VIPs
23,8152.71,1,VIPs
15,5285.74,23,VIPs
16,5266.38,4,VIPs
9,9020.73,9,VIPs
13,50491.81,10,VIPs
17,65164.79,4,VIPs
12,5683.15,3,VIPs
11,3586.03,2,VIPs
11,3743.26,1,VIPs
54,116887.88,9,VIPs
10,4440.43,19,VIPs
21,3852.27,10,VIPs
14,4342.84,2,VIPs
13,4684.76,1,VIPs
21,11349.52,4,VIPs
9,12669.98,9,VIPs
11,3883.25,1,VIPs
9,4871.93,7,VIPs
39,46837.84,8,VIPs
16,9227.82,8,VIPs
12,3804.1,4,VIPs
12,5002.89,1,VIPs
10,4481.67,23,VIPs
51,7581.64,2,VIPs
18,4397.3,2,VIPs
18,5006.77,3,VIPs
85,10842.39,1,VIPs
14,16209.5,15,VIPs
71,271614.14,1,VIPs
20,7203.0,10,VIPs
14,25878.71,25,VIPs
20,5134.12,7,VIPs
12,4606.9400000000005,15,VIPs
9,5228.6900000000005,16,VIPs
31,5813.49,3,VIPs
11,5010.28,9,VIPs
15,6946.67,1,VIPs
20,7363.650000000001,21,VIPs
11,14286.22,10,VIPs
20,11138.71,7,VIPs
188,135973.23,1,VIPs
12,5900.25,29,VIPs
10,7413.33,59,VIPs
26,5824.96,15,VIPs
10,6291.01,3,VIPs
45,18474.93,9,VIPs
13,5545.18,19,VIPs
15,5090.42,9,VIPs
36,34583.48,3,VIPs
28,8924.460000000001,7,VIPs
15,11528.48,25,VIPs
17,6580.4400000000005,8,VIPs
10,5291.33,17,VIPs
13,4745.69,9,VIPs
28,16780.03,1,VIPs
16,4777.18,1,VIPs
41,16225.39,1,VIPs
12,6057.54,3,VIPs
11,5756.89,10,VIPs
13,6688.46,31,VIPs
11,10484.99,9,VIPs
17,7723.62,4,VIPs
13,4019.4,25,VIPs
11,4402.3,2,VIPs
11,4376.58,50,VIPs
82,57972.74,0,VIPs
20,7722.65,4,VIPs
16,6486.77,19,VIPs
10,10331.32,15,VIPs
25,12339.68,2,VIPs
9,9455.53,15,VIPs
17,13444.72,33,VIPs
9,3641.14,22,VIPs
13,4143.2300000000005,7,VIPs
13,3805.04,12,VIPs
12,5540.11,11,VIPs
20,9318.55,10,VIPs
9,3709.56,43,VIPs
12,9704.37,4,VIPs
11,5632.07,0,VIPs
13,5030.07,32,VIPs
15,4482.77,18,VIPs
25,56160.92,7,VIPs
13,4206.39,0,VIPs
16,5117.38,23,VIPs
18,32685.58,11,VIPs
24,12862.33,4,VIPs
15,6115.01,89,VIPs
13,3843.88,24,VIPs
12,4199.85,17,VIPs
42,34157.6,3,VIPs
57,67738.31999999999,38,VIPs
18,8471.08,5,VIPs
33,14589.04,3,VIPs
16,4957.37,1,VIPs
11,3699.26,22,VIPs
15,6911.4400000000005,31,VIPs
11,4552.92,2,VIPs
14,14085.66,1,VIPs
22,26626.8,7,VIPs
19,6165.71,3,VIPs
12,4098.32,1,VIPs
48,32659.08,17,VIPs
21,9418.47,1,VIPs
24,12225.01,2,VIPs
10,4034.9,10,VIPs
10,4110.38,163,VIPs
18,7457.94,0,VIPs
10,3738.4,15,VIPs
16,4113.68,4,VIPs
17,4413.1,0,VIPs
14,8197.04,22,VIPs
10,3692.29,16,VIPs
20,8134.94,2,VIPs
24,63540.16,4,VIPs
12,4739.61,8,VIPs
12,4921.54,8,VIPs
18,12903.27,0,VIPs
11,3611.31,9,VIPs
13,6152.24,18,VIPs
11,3931.29,17,VIPs
21,7205.33,38,VIPs
17,7180.7,86,VIPs
17,6368.47,4,VIPs
11,5575.56,30,VIPs
20,9923.89,2,VIPs
20,6143.41,14,VIPs
33,16042.11,8,VIPs
16,10196.57,42,VIPs
18,6518.58,12,VIPs
19,4190.21,5,VIPs
18,4065.65,21,VIPs
9,4530.8,17,VIPs
10,3591.61,0,VIPs
15,6336.62,2,VIPs
9,5655.03,2,VIPs
11,5232.2300000000005,73,VIPs
19,4254.6900000000005,12,VIPs
12,10650.77,15,VIPs
23,7711.9,1,VIPs
18,8307.31,10,VIPs
37,6172.31,1,VIPs
9,7992.900000000001,29,VIPs
11,4462.68,0,VIPs
26,16671.89,8,VIPs
34,31833.68,0,VIPs
13,28072.52,4,VIPs
10,3852.3,11,VIPs
26,16362.9,0,VIPs
44,192361.95,8,VIPs
28,84351.3,2,VIPs
23,10238.46,0,VIPs
14,3716.93,7,VIPs
14,4544.55,22,VIPs
10,3945.0,11,VIPs
12,4867.72,25,VIPs
29,19355.16,1,VIPs
26,14728.78,1,VIPs
11,4038.9,30,VIPs
14,10026.66,4,VIPs
11,5655.99,22,VIPs
15,5396.04,37,VIPs
13,5298.4800000000005,3,VIPs
18,12655.42,2,VIPs
26,5027.59,1,VIPs
10,3957.43,12,VIPs
9,4160.41,16,VIPs
39,7761.82,4,VIPs
118,38051.72,1,VIPs
21,25538.34,4,VIPs
10,3598.81,5,VIPs
18,9446.49,30,VIPs
10,4020.04,49,VIPs
44,57196.48,1,VIPs
11,3861.77,15,VIPs
12,3859.82,114,VIPs
56,231822.69,0,VIPs
24,7452.17,1,VIPs
24,5020.32,10,VIPs
20,7561.68,14,VIPs
17,5425.56,4,VIPs
13,5982.85,4,VIPs
11,5474.96,3,VIPs
11,5228.05,44,VIPs
18,6623.7,11,VIPs
1,77183.6,325,High Spenders
6,3598.21,2,High Spenders
1,6207.67,33,High Spenders
4,6310.03,57,High Spenders
1,4008.62,129,High Spenders
3,11072.67,78,High Spenders
5,5059.32,42,High Spenders
5,9588.75,0,High Spenders
2,7829.89,79,High Spenders
5,5005.46,21,High Spenders
4,4067.29,22,High Spenders
5,9035.52,10,High Spenders
6,4940.81,32,High Spenders
5,3928.05,29,High Spenders
6,13219.74,22,High Spenders
8,4788.48,22,High Spenders
6,4527.32,32,High Spenders
5,3723.87,95,High Spenders
8,4485.72,9,High Spenders
3,12601.830000000002,43,High Spenders
4,5568.35,22,High Spenders
4,11370.96,16,High Spenders
7,3781.74,8,High Spenders
8,7458.9,22,High Spenders
2,9864.26,211,High Spenders
4,3811.22,19,High Spenders
7,4478.53,10,High Spenders
8,6002.9,67,High Spenders
5,4051.17,17,High Spenders
1,4873.81,113,High Spenders
4,4939.99,7,High Spenders
8,6010.29,15,High Spenders
5,4708.86,9,High Spenders
7,3980.7,10,High Spenders
7,21279.29,51,High Spenders
5,4090.88,3,High Spenders
1,4366.78,81,High Spenders
5,17838.8,22,High Spenders
6,5840.34,3,High Spenders
7,3733.2,37,High Spenders
3,6977.04,10,High Spenders
6,6814.64,37,High Spenders
6,3646.55,26,High Spenders
8,11581.8,64,High Spenders
8,4167.22,30,High Spenders
8,4017.54,9,High Spenders
8,6485.58,157,High Spenders
5,5472.0,113,High Spenders
5,4036.96,275,High Spenders
8,3603.29,10,High Spenders
7,5064.9400000000005,16,High Spenders
7,5572.76,30,High Spenders
6,5257.12,3,High Spenders
4,5732.93,37,High Spenders
7,10736.48,45,High Spenders
6,3639.31,31,High Spenders
7,4151.93,30,High Spenders
7,3809.89,5,High Spenders
4,4393.63,72,High Spenders
4,4098.88,73,High Spenders
4,3719.12,1,High Spenders
3,4599.42,138,High Spenders
4,4027.36,22,High Spenders
4,4017.84,21,High Spenders
6,4147.96,19,High Spenders
7,4582.64,43,High Spenders
3,3587.47,161,High Spenders
4,5578.72,16,High Spenders
6,5976.79,73,High Spenders
4,3742.2,46,High Spenders
3,4188.0,15,High Spenders
3,4628.75,23,High Spenders
7,4975.24,17,High Spenders
8,3717.35,108,High Spenders
8,4418.87,10,High Spenders
6,4263.64,0,High Spenders
7,4820.83,17,High Spenders
8,3753.6,19,High Spenders
8,3974.75,3,High Spenders
7,10069.97,2,High Spenders
8,8137.02,33,High Spenders
7,5861.9800000000005,10,High Spenders
5,3973.29,18,High Spenders
3,39916.5,182,High Spenders
1,3861.0,2,High Spenders
6,3672.86,50,High Spenders
6,5955.71,14,High Spenders
4,3984.32,64,High Spenders
4,3590.41,1,High Spenders
5,3610.96,52,High Spenders
6,3642.11,16,High Spenders
3,44534.3,235,High Spenders
3,4919.0,46,High Spenders
8,3711.77,17,High Spenders
7,4405.88,63,High Spenders
7,5126.76,9,High Spenders
3,12393.7,2,High Spenders
4,6287.77,29,High Spenders
8,10254.18,100,High Spenders
4,6617.65,72,High Spenders
2,3718.8,24,High Spenders
7,3579.86,8,High Spenders
2,3683.86,66,High Spenders
5,5203.51,45,High Spenders
7,4606.1900000000005,9,High Spenders
3,5360.63,25,High Spenders
5,3640.67,7,High Spenders
2,168472.5,0,High Spenders
3,6748.8,17,High Spenders
7,5493.46,15,High Spenders
7,6773.97,58,High Spenders
6,3789.52,17,High Spenders
5,4965.9800000000005,4,High Spenders
2,4459.52,88,High Spenders
6,10797.48,33,High Spenders
7,4892.240000000001,15,High Spenders
8,3766.6,5,High Spenders
7,5725.9400000000005,17,High Spenders
8,4767.36,12,High Spenders
7,6933.3,39,High Spenders
7,6893.42,29,High Spenders
6,5037.26,8,High Spenders
8,6083.64,57,High Spenders
8,3628.5,1,High Spenders
7,3813.53,7,High Spenders
6,5054.42,2,High Spenders
7,5739.46,7,High Spenders
7,5010.22,7,High Spenders
4,3613.15,45,High Spenders
2,4055.72,98,High Spenders
8,6215.62,2,High Spenders
6,8438.34,17,High Spenders
1,4314.72,87,High Spenders
10,5226.2300000000005,3,Frequent
10,2338.71,19,Frequent
21,124914.53,24,Frequent
9,7956.46,25,Frequent
18,4951.41,1,Frequent
26,15949.69,2,Frequent
11,4257.82,23,Frequent
11,1789.77,19,Frequent
16,12519.23,19,Frequent
32,4124.6900000000005,2,Frequent
14,6425.52,2,Frequent
9,2338.15,3,Frequent
9,3641.24,16,Frequent
18,12306.02,1,Frequent
9,4881.88,8,Frequent
10,17407.18,42,Frequent
20,11669.43,14,Frequent
9,2516.4700000000003,29,Frequent
13,8390.83,15,Frequent
11,3925.5,28,Frequent
23,5124.6,2,Frequent
174,28868.19,0,Frequent
13,7834.650000000001,15,Frequent
12,4853.97,2,Frequent
28,17654.54,8,Frequent
35,15899.29,9,Frequent
14,6721.61,3,Frequent
13,9785.97,4,Frequent
17,5298.9,11,Frequent
9,25970.6,11,Frequent
9,3613.63,126,Frequent
89,52808.87,2,Frequent
9,5698.32,32,Frequent
22,5750.17,1,Frequent
11,3373.86,29,Frequent
9,3957.78,7,Frequent
10,1668.95,14,Frequent
36,9105.32,3,Frequent
35,7436.93,1,Frequent
12,3834.26,11,Frequent
17,3899.19,2,Frequent
11,3174.75,17,Frequent
9,1864.66,4,Frequent
13,4547.81,11,Frequent
9,3304.34,0,Frequent
33,4793.97,1,Frequent
23,5586.88,2,Frequent
19,4797.08,1,Frequent
13,6307.650000000001,3,Frequent
9,2474.21,2,Frequent
23,19015.38,0,Frequent
13,6403.25,22,Frequent
12,3121.97,21,Frequent
11,2274.07,29,Frequent
11,3599.71,10,Frequent
16,14717.91,7,Frequent
9,2356.17,2,Frequent
23,8152.71,1,Frequent
15,3255.8,2,Frequent
17,65164.79,4,Frequent
54,116887.88,9,Frequent
16,1886.68,1,Frequent
9,3432.8,42,Frequent
14,3130.44,3,Frequent
39,46837.84,8,Frequent
19,2612.96,2,Frequent
12,3804.1,4,Frequent
12,5002.89,1,Frequent
21,1829.6,7,Frequent
14,16209.5,15,Frequent
9,1493.96,11,Frequent
12,4606.9400000000005,15,Frequent
31,5813.49,3,Frequent
11,5010.28,9,Frequent
15,6946.67,1,Frequent
10,1824.58,3,Frequent
11,14286.22,10,Frequent
20,11138.71,7,Frequent
10,7413.33,59,Frequent
15,11528.48,25,Frequent
16,4777.18,1,Frequent
11,5756.89,10,Frequent
11,4402.3,2,Frequent
11,4376.58,50,Frequent
9,3641.14,22,Frequent
9,2920.16,61,Frequent
9,2993.1,8,Frequent
11,5632.07,0,Frequent
25,56160.92,7,Frequent
12,1645.16,73,Frequent
57,67738.31999999999,38,Frequent
10,2234.73,3,Frequent
10,3496.71,8,Frequent
11,3699.26,22,Frequent
11,4552.92,2,Frequent
14,14085.66,1,Frequent
22,26626.8,7,Frequent
12,4098.32,1,Frequent
10,1863.76,2,Frequent
17,3288.84,2,Frequent
18,7457.94,0,Frequent
10,3738.4,15,Frequent
16,4113.68,4,Frequent
12,2692.89,17,Frequent
17,4413.1,0,Frequent
14,8197.04,22,Frequent
12,4739.61,8,Frequent
12,4921.54,8,Frequent
13,6152.24,18,Frequent
11,5575.56,30,Frequent
20,9923.89,2,Frequent
11,1701.91,10,Frequent
9,5655.03,2,Frequent
12,10650.77,15,Frequent
37,6172.31,1,Frequent
9,7992.900000000001,29,Frequent
11,4462.68,0,Frequent
11,2173.88,4,Frequent
26,16362.9,0,Frequent
9,2997.03,206,Frequent
10,2924.99,28,Frequent
17,3267.83,8,Frequent
14,4544.55,22,Frequent
11,2895.64,1,Frequent
10,3945.0,11,Frequent
10,2639.51,17,Frequent
15,5396.04,37,Frequent
10,4020.04,49,Frequent
10,2185.45,5,Frequent
36,726.69,21,Frequent
12,2448.64,37,Frequent
9,2014.35,4,Frequent
24,7452.17,1,Frequent
24,5020.32,10,Frequent
10,2386.1,7,Frequent
20,7561.68,14,Frequent
17,5425.56,4,Frequent
13,5982.85,4,Frequent
11,5474.96,3,Frequent
11,5228.05,44,Frequent
18,6623.7,11,Frequent
17,2073.09,9,Frequent
16,2045.53,3,Frequent
